Scientific Name,Common Name,Family,Taxonomic Group
Apus apus,Common Swift,Apodidae,Birds
Eurystomus orientalis,Eastern Broad-Billed Roller,Coraciidae,Birds
Calidris minuta,Little Stint,Scolopacidae,Birds
Saxicoloides fulicatus,Indian Robin,Muscicapidae,Birds
Falco tinnunculus,Common Kestrel,Falconidae,Birds
Abroscopus schisticeps,Black-Faced Flycatcher-Warbler,Sylviidae,Birds
Certhia nipalensis,Rusty-Flanked Treecreeper,Certhiidae,Birds
Aviceda jerdoni,Jerdon's Baza,Accipitridae,Birds
Platalea leucorodia,Eurasian Spoonbill,Threskiornithidae,Birds
Garrulax caerulatus,Grey-Sided Laughingthrush,Timaliidae,Birds
Picumnus innominatus,Speckled Piculet,Picidae,Birds
Asio flammeus,Short-Eared Owl,Strigidae,Birds
Gallinago solitaria,Solitary Snipe,Scolopacidae,Birds
Anas poecilorhyncha,Spot-Billed Duck,Anatidae,Birds
Anthus rubescens,Buff-Bellied Pipit,Motacillidae,Birds
Cinclidium frontale,Blue-Fronted Callene,Muscicapidae,Birds
Sterna aurantia,Indian River Tern,Laridae,Birds
Bradypterus luteoventris,Brown Bush-Warbler,Sylviidae,Birds
Luscinia calliope,Siberian Rubythroat,Muscicapidae,Birds
Cercomela fusca,Brown Rockchat,Muscicapidae,Birds
Sitta leucopsis,White-Cheeked Nuthatch,Sittidae,Birds
Dendrocopos canicapillus,Grey-Capped Woodpecker,Picidae,Birds
Cuculus sparverioides,Large Hawk-Cuckoo,Cuculidae,Birds
Anthus hodgsoni,Olive-Backed Pipit,Motacillidae,Birds
Delichon urbicum,Northern House Martin,Hirundinidae,Birds
Butastur teesa,White-Eyed Buzzard,Accipitridae,Birds
Egretta garzetta,Mascarene Reef-Egret,Ardeidae,Birds
Eumyias thalassinus,Verditer Flycatcher,Muscicapidae,Birds
Garrulax albogularis,White-Throated Laughingthrush,Timaliidae,Birds
Phoenicurus erythrogastrus,Güldenstädt's Redstart,Muscicapidae,Birds
Cyornis rubeculoides,Blue-Throated Flycatcher,Muscicapidae,Birds
Lonchura punctulata,Nutmeg Munia,Estrildidae,Birds
Zoothera dixoni,Long-Tailed Thrush,Turdidae,Birds
Aethopyga gouldiae,Gould's Sunbird,Nectariniidae,Birds
Luscinia pectoralis,White-Tailed Rubythroat,Muscicapidae,Birds
Lanius schach,Long-Tailed Shrike,Laniidae,Birds
Anas penelope,Eurasian Wigeon,Anatidae,Birds
Urocissa flavirostris,Yellow-Billed Blue Magpie,Corvidae,Birds
Saxicola torquatus,Common Stonechat,Muscicapidae,Birds
Anthus godlewskii,Blyth's Pipit,Motacillidae,Birds
Pericrocotus brevirostris,Short-Billed Minivet,Campephagidae,Birds
Metopidius indicus,Bronze-Winged Jacana,Jacanidae,Birds
Lanius meridionalis,Southern Grey Shrike,Laniidae,Birds
Treron sphenurus,Wedge Tailed Green Pigeon,Columbidae,Birds
Burhinus oedicnemus,Stone-Curlew,Burhinidae,Birds
Tichodroma muraria,Wallcreeper,Sittidae,Birds
Pluvialis fulva,Pacific Golden Plover,Charadriidae,Birds
Turdoides caudata,Common Babbler,Timaliidae,Birds
Vanellus indicus,Red-Wattled Lapwing,Charadriidae,Birds
Casmerodius albus,Great Egret,Ardeidae,Birds
Cettia brunnescens,Hume's Bush Warbler,Sylviidae,Birds
Phylloscopus maculipennis,Grey-Faced Warbler,Sylviidae,Birds
Cochoa viridis,Green Cochoa,Turdidae,Birds
Brachypteryx hyperythra,Rusty-Bellied Shortwing,Turdidae,Birds
Scolopax rusticola,Woodcock,Scolopacidae,Birds
Sylviparus modestus,Yellow-Browed Tit,Paridae,Birds
Nucifraga caryocatactes,Spotted Nutcracker,Corvidae,Birds
Anas querquedula,Garganey,Anatidae,Birds
Bradypterus tacsanowskius,Chinese Bush-Warbler,Sylviidae,Birds
Ploceus manyar,Streaked Weaver,Ploceidae,Birds
Prunella collaris,Alpine Accentor,Prunellidae,Birds
Sturnus pagodarum,Brahminy Starling,Sturnidae,Birds
Lonchura malacca,Black-Headed Munia,Estrildidae,Birds
Treron pompadora,Pompadour Green-Pigeon,Columbidae,Birds
Ducula badia,Mountain Imperial-Pigeon,Columbidae,Birds
Emberiza fucata,Chestnut-Eared Bunting,Emberizidae,Birds
Accipiter gentilis,Goshawk,Accipitridae,Birds
Brachypteryx montana,Blue Shortwing,Turdidae,Birds
Limosa limosa,Black-Tailed Godwit,Scolopacidae,Birds
Enicurus immaculatus,Black-Backed Forktail,Muscicapidae,Birds
Vanellus leucurus,White-Tailed Lapwing,Charadriidae,Birds
Enicurus scouleri,Little Forktail,Muscicapidae,Birds
Parus monticolus,Green-Backed Tit,Paridae,Birds
Serinus thibetanus,Tibetan Serin,Fringillidae,Birds
Tesia cyaniventer,Grey-Bellied Tesia,Sylviidae,Birds
Anas acuta,Northern Pintail,Anatidae,Birds
Aquila chrysaetos,Golden Eagle,Accipitridae,Birds
Riparia riparia,Sand Martin,Hirundinidae,Birds
Tringa stagnatilis,Marsh Sandpiper,Scolopacidae,Birds
Halcyon coromanda,Ruddy Kingfisher,Alcedinidae,Birds
Cephalopyrus flammiceps,Fire-Capped Tit,Remizidae,Birds
Emberiza aureola,Yellow-Breasted Bunting,Emberizidae,Birds
Rhyacornis fuliginosa,Plumbeous Water Redstart,Muscicapidae,Birds
Dicrurus hottentottus,Hair-Crested Drongo,Dicruridae,Birds
Calandrella cheleensis,Asian Short-Toed Lark,Alaudidae,Birds
Strix ocellata,Mottled Wood-Owl,Strigidae,Birds
Dicaeum cruentatum,Scarlet-Backed Flowerpecker,Dicaeidae,Birds
Pycnonotus leucogenys,Himalayan Bulbul,Pycnonotidae,Birds
Hypothymis azurea,Black-Naped Monarch,Monarchidae,Birds
Dicrurus remifer,Lesserracket-Tailed Drongo,Dicruridae,Birds
Falco amurensis,Amur Falcon,Falconidae,Birds
Coturnix coromandelica,Rain Quail,Phasianidae,Birds
Ardeotis nigriceps,Indian Bustard,Otididae,Birds
Pyrrhula nipalensis,Brown Bullfinch,Fringillidae,Birds
Cissa chinensis,Green Magpie,Corvidae,Birds
Vanellus vanellus,Lapwing,Charadriidae,Birds
Yuhina nigrimenta,Black-Chinned Yuhina,Timaliidae,Birds
Zoonavena sylvatica,White-Rumped Needletail,Apodidae,Birds
Saxicola caprata,Pied Bushchat,Muscicapidae,Birds
Grus grus,Common Crane,Gruidae,Birds
Saxicola leucurus,White Tailed Stonechat,Muscicapidae,Birds
Amandava amandava,Red Munia,Estrildidae,Birds
Phalacrocorax niger,Javanese Cormorant,Phalacrocoracidae,Birds
Psittacula cyanocephala,Plum-Headed Parakeet,Psittacidae,Birds
Chalcophaps indica,Emerald Dove,Columbidae,Birds
Lonchura striata,White-Rumped Munia,Estrildidae,Birds
Vanellus malarbaricus,Yellow-Wattled Lapwing,Charadriidae,Birds
Sypheotides indicus,Lesser Florican,Otididae,Birds
Alcippe vinipectus,White-Browed Fulvetta,Timaliidae,Birds
Zosterops palpebrosus,Oriental White-Eye,Zosteropidae,Birds
Charadrius dubius,Little Ringed Plover,Charadriidae,Birds
Gallicrex cinerea,Watercock,Rallidae,Birds
Muscicapa ruficauda,Rusty-Tailed Flycatcher,Muscicapidae,Birds
Treron phoenicopterus,Yellow Footed Green Pigeon,Columbidae,Birds
Oriolus xanthornus,Black-Hooded Oriole,Oriolidae,Birds
Aceros undulatus,Wreathed Hornbill,Bucerotidae,Birds
Pica pica,Black-Billed Magpie,Corvidae,Birds
Gyps bengalensis,Indian White-Backed Vulture,Accipitridae,Birds
Streptopelia tranquebarica,Red-Collared Dove,Columbidae,Birds
Aquila clanga,Greater Spotted Eagle,Accipitridae,Birds
Amaurornis bicolor,Black-Tailed Crake,Rallidae,Birds
Sterna caspia,Caspian Tern,Laridae,Birds
Ciconia nigra,Black Stork,Ciconiidae,Birds
Lophura leucomelanos,Kalij Pheasant,Phasianidae,Birds
Pericrocotus cinnamomeus,Small Minivet,Campephagidae,Birds
Ictinaetus malayensis,Indian Black Eagle,Accipitridae,Birds
Terpsiphone paradisi,Asian Paradise-Flycatcher,Monarchidae,Birds
Oriolus tenuirostris,Slender-Billed Oriole,Oriolidae,Birds
Pelecanus crispus,Dalmatian Pelican,Pelecanidae,Birds
Anthus roseatus,Rosy Pipit,Motacillidae,Birds
Chrysomma sinense,Yellow-Eyed Babbler,Timaliidae,Birds
Psittacula alexandri,Red-Breasted Parakeet,Psittacidae,Birds
Gallirallus striatus,Blue-Breasted Banded Rail,Rallidae,Birds
Mirafra cantillans,Singing Bushlark,Alaudidae,Birds
Podiceps cristatus,Great Crested Grebe,Podicipedidae,Birds
Calandrella brachydactyla,Short-Toed Lark,Alaudidae,Birds
Celeus brachyurus,Rufous Woodpecker,Picidae,Birds
Aethopyga saturata,Black-Throated Sunbird,Nectariniidae,Birds
Leucosticte brandti,Brandt's Rosy-Finch,Fringillidae,Birds
Muscicapa sibirica,Siberian Flycatcher,Muscicapidae,Birds
Sylvia curruca,Lesser Whitethroat,Sylviidae,Birds
Apus nipalensis,House Swift,Apodidae,Birds
Brachypteryx leucophrys,Lesser Shortwing,Turdidae,Birds
Timalia pileata,Chestnut-Capped Babbler,Timaliidae,Birds
Perdicula manipurensis,Manipur Bush-Quail,Phasianidae,Birds
Larus brunnicephalus,Brown-Headed Gull,Laridae,Birds
Phylloscopus pulcher,Buff-Barred Warbler,Sylviidae,Birds
Falco subbuteo,Eurasian Hobby,Falconidae,Birds
Harpactes erythrocephalus,Red-Headed Trogon,Trogonidae,Birds
Tephrodornis gularis,Brown-Tailed Woodshrike,Campephagidae,Birds
Enicurus maculatus,Spotted Forktail,Muscicapidae,Birds
Dicrurus macrocercus,Black Drongo,Dicruridae,Birds
Picus canus,Grey-Faced Woodpecker,Picidae,Birds
Lerwa lerwa,Snow Partridge,Phasianidae,Birds
Pyrrhocorax graculus,Yellow-Billed Chough,Corvidae,Birds
Tyto alba,Barn Owl,Tytonidae,Birds
Prunella strophiata,Rufous-Breasted Accentor,Prunellidae,Birds
Paradoxornis fulvifrons,Fulvous-Fronted Parrotbill,Timaliidae,Birds
Niltava sundara,Rufous-Bellied Niltava,Muscicapidae,Birds
Gallus gallus,Red Junglefowl,Phasianidae,Birds
Prinia rufescens,Rufescent Prinia,Cisticolidae,Birds
Otus spilocephalus,Mountain Scops-Owl,Strigidae,Birds
Cochoa purpurea,Purple Cochoa,Turdidae,Birds
Hypsipetes leucocephalus,Asian Black Bulbul,Pycnonotidae,Birds
Bucephala clangula,Common Goldeneye,Anatidae,Birds
Turdus unicolor,Tickell's Thrush,Turdidae,Birds
Urocissa erythrorhyncha,Red-Billed Blue Magpie,Corvidae,Birds
Yuhina gularis,Stripe-Throated Yuhina,Timaliidae,Birds
Phylloscopus reguloides,Blyth's Leaf-Warbler,Sylviidae,Birds
Accipiter nisus,Eurasian Sparrowhawk,Accipitridae,Birds
Nisaetus cirrhatus,Changeable Hawk Eagle,Accipitridae,Birds
Minla strigula,Chestnut-Tailed Minla,Timaliidae,Birds
Tesia castaneocoronata,Chestnut-Headed Tesia,Sylviidae,Birds
Hirundapus caudacutus,White-Throated Needletail,Apodidae,Birds
Collocalia brevirostris,Himalayan Swiftlet,Apodidae,Birds
Batrachostomus hodgsoni,Hodgson's Frogmouth,Podargidae,Birds
Buteo hemilasius,Upland Buzzard,Accipitridae,Birds
Paradoxornis atrosuperciliaris,Lesser Red-Headed Parrotbill,Timaliidae,Birds
Parus ater,Coal Tit,Paridae,Birds
Certhia hodgsoni,Hodgson's Treecreeper,Certhiidae,Birds
Lanius vittatus,Bay-Backed Shrike,Laniidae,Birds
Pseudopodoces humilis,Tibetan Ground-Jay,Paridae,Birds
Sterna nilotica,Gull-Billed Tern,Laridae,Birds
Turnix tanki,Yellow-Legged Buttonquail,Turnicidae,Birds
Francolinus gularis,Swamp Francolin,Phasianidae,Birds
Phylloscopus affinis,Tickell's Leaf-Warbler,Sylviidae,Birds
Acrocephalus aedon,Thick-Billed Warbler,Sylviidae,Birds
Delichon dasypus,Asian House Martin,Hirundinidae,Birds
Corvus corax,Common Raven,Corvidae,Birds
Aceros nipalensis,Rufous-Necked Hornbill,Bucerotidae,Birds
Yuhina bakeri,White-Naped Yuhina,Timaliidae,Birds
Petronia xanthocollis,Chestnut-Shouldered Petronia,Passeridae,Birds
Regulus regulus,Goldcrest,Reguliidae,Birds
Turdus feae,Grey-Sided Thrush,Turdidae,Birds
Acrocephalus melanopogon,Moustached Warbler,Sylviidae,Birds
Ketupa zeylonensis,Brown Fish-Owl,Strigidae,Birds
Turdus viscivorus,Mistle Trush,Turdidae,Birds
Tarsiger hyperythrus,Rufous-Breasted Bush-Robin,Muscicapidae,Birds
Enicurus schistaceus,Slaty-Backed Forktail,Muscicapidae,Birds
Conostoma oemodium,Great Parrotbill,Timaliidae,Birds
Anastomus oscitans,Asian Openbill,Ciconiidae,Birds
Tarsiger chrysaeus,Golden Bush-Robin,Muscicapidae,Birds
Ixobrychus cinnamomeus,Cinnamon Bittern,Ardeidae,Birds
Pucrasia macrolopha,Koklass Pheasant,Phasianidae,Birds
Chrysomma altirostre,Jerdon's Babbler,Timaliidae,Birds
Netta rufina,Red-Crested Pochard,Anatidae,Birds
Phoenicurus schisticeps,White-Throated Redstart,Muscicapidae,Birds
Heterophasia gracilis,Grey Sibia,Timaliidae,Birds
Orthotomus cuculatus,Mountain Tailorbird,Sylviidae,Birds
Centropus bengalensis,Lesser Coucal,Cuculidae,Birds
Hirundo rupestris,Eurasian Crag-Martin,Hirundinidae,Birds
Apus affinis,Little Swift,Apodidae,Birds
Ficedula monileger,White-Gorgetted Flycatcher,Muscicapidae,Birds
Certhia himalayana,Bar-Tailed Treecreeper,Certhiidae,Birds
Lophophorus impejanus,Himalayan Monal,Phasianidae,Birds
Nectarinia zeylonica,Purple-Rumped Sunbird,Nectariniidae,Birds
Cyornis tickelliae,Tickell's Niltava,Muscicapidae,Birds
Garrulax ruficollis,Rufous-Necked Laughingthrush,Timaliidae,Birds
Enicurus leschenaulti,White-Crowned Forktail,Muscicapidae,Birds
Dendrocygna bicolor,Fulvous Whistling-Duck,Anatidae,Birds
Turdus naumanni,Dusky Thrush,Turdidae,Birds
Ficedula hodgsonii,Rusty-Breasted Blue Flycatcher,Muscicapidae,Birds
Gracula religiosa,Southern Grackle,Sturnidae,Birds
Pteruthius xanthochlorus,Green Shrike-Babbler,Timaliidae,Birds
Dendrocopos macei,Fulvous-Breasted Woodpecker,Picidae,Birds
Turdus ruficollis,Dark-Throated Thrush,Turdidae,Birds
Ficedula albicilla,Taiga Flycatcher,Muscicapidae,Birds
Muscicapa dauurica,Asian Brown Flycatcher,Muscicapidae,Birds
Phylloscopus cantator,Yellow-Vented Warbler,Sylviidae,Birds
Hirundo smithii,Wire-Tailed Swallow,Hirundinidae,Birds
Dendrocopos nanus,Brown-Capped Woodpecker,Picidae,Birds
Megalaima australis,Blue-Eared Barbet,Ramphastidae,Birds
Stachyris chrysaea,Golden Babbler,Timaliidae,Birds
Glaucidium brodiei,Collared Owlet,Strigidae,Birds
Turnix sylvaticus,Small Buttonquail,Turnicidae,Birds
Cuculus micropterus,Short-Winged Cuckoo,Cuculidae,Birds
Chaetornis striata,Bristled Grassbird,Sylviidae,Birds
Muscicapa ferruginea,Ferruginous Flycatcher,Muscicapidae,Birds
Larus ridibundus,Common Black-Headed Gull,Laridae,Birds
Lonchura malabarica,Indian Silverbill,Estrildidae,Birds
Ficedula westermanni,Little Pied Flycatcher,Muscicapidae,Birds
Rhipidura aureola,White-Browed Fantail,Rhipiduridae,Birds
Lanius isabellinus,Isabelline Shrike,Laniidae,Birds
Rimator malacoptilus,Long-Billed Wren-Babbler,Timaliidae,Birds
Vanellus duvaucelii,River Lapwing,Charadriidae,Birds
Indicator xanthonotus,Orange-Rumped Honeyguide,Indicatoridae,Birds
Halcyon smyrnensis,White-Throated Kingfisher,Alcedinidae,Birds
Ficedula strophiata,Orange-Gorgetted Flycatcher,Muscicapidae,Birds
Actinodura egertoni,Rusty-Fronted Barwing,Timaliidae,Birds
Pomatorhinus schisticeps,White-Browed Scimitar-Babbler,Timaliidae,Birds
Melanocorypha maxima,Long-Billed Calandra Lark,Alaudidae,Birds
Cursorius coromandelicus,Indian Courser,Glareolidae,Birds
Esacus recurvirostris,Great Stone-Plover,Burhinidae,Birds
Dendrocopos mahrattensis,Yellow-Crowned Woodpecker,Picidae,Birds
Alcedo atthis,Common Kingfisher,Alcedinidae,Birds
Cursorius cursor,Cream-Colored Courser,Glareolidae,Birds
Porzana fusca,Ruddy-Breasted Crake,Rallidae,Birds
Aethopyga nipalensis,Green-Tailed Sunbird,Nectariniidae,Birds
Rynchops albicollis,Indian Skimmer,Laridae,Birds
Phylloscopus occipitalis,Western Crowned Warbler,Sylviidae,Birds
Pitta sordida,Hooded Pitta,Pittidae,Birds
Aviceda leuphotes,Black Baza,Accipitridae,Birds
Pomatorhinus ferruginosus,Coral-Billed Scimitar-Babbler,Timaliidae,Birds
Psittacula eupatria,Alexandrine Parakeet,Psittacidae,Birds
Sarkidiornis melanotos,Comb Duck,Anatidae,Birds
Ephippiorhynchus asiaticus,Black-Necked Stork,Ciconiidae,Birds
Anas strepera,Gadwall,Anatidae,Birds
Arachnothera longirostra,Little Spiderhunter,Nectariniidae,Birds
Dinopium shorii,Himalayan Flameback,Picidae,Birds
Parus xanthogenys,Black-Lored Tit,Paridae,Birds
Spilornis cheela,Crested Serpent-Eagle,Accipitridae,Birds
Anthus cervinus,Red-Throated Pipit,Motacillidae,Birds
Macronous gularis,Striped Tit-Babbler,Timaliidae,Birds
Zoothera mollissima,Plain-Backed Thrush,Turdidae,Birds
Minla cyanouroptera,Blue-Winged Minla,Timaliidae,Birds
Tetraogallus tibetanus,Tibetan Snowcock,Phasianidae,Birds
Carpodacus thura,White-Browed Rosefinch,Fringillidae,Birds
Aethopyga ignicauda,Fire-Tailed Sunbird,Nectariniidae,Birds
Turdus merula,Blackbird,Turdidae,Birds
Garrulax ocellatus,White-Spotted Laughingthrush,Timaliidae,Birds
Apus pacificus,Fork-Tailed Swift,Apodidae,Birds
Turdus boulboul,Grey-Winged Blackbird,Turdidae,Birds
Tringa totanus,Common Redshank,Scolopacidae,Birds
Houbaropsis bengalensis,Bengal Florican,Otididae,Birds
Monticola solitarius,Blue Rock Thrush,Muscicapidae,Birds
Prinia socialis,Ashy Prinia,Cisticolidae,Birds
Mesophoyx intermedia,Intermediate Egret,Ardeidae,Birds
Acridotheres ginginianus,Bank Myna,Sturnidae,Birds
Leiothrix lutea,Pekin Robin,Timaliidae,Birds
Blythipicus pyrrhotis,Bay Woodpecker,Picidae,Birds
Sitta frontalis,Sulphur-Billed Nuthatch,Sittidae,Birds
Haliaeetus leucoryphus,Pallas Sea-Eagle,Accipitridae,Birds
Motacilla cinerea,Grey Wagtail,Motacillidae,Birds
Leiothrix argentauris,Silver-Eared Mesia,Timaliidae,Birds
Turdoides malcolmi,Large Grey Babbler,Timaliidae,Birds
Acrocephalus stentoreus,Clamorous Reed Warbler,Sylviidae,Birds
Paradoxornis gularis,Grey-Headed Parrotbill,Timaliidae,Birds
Cutia nipalensis,Cutia,Timaliidae,Birds
Paradoxornis unicolor,Brown Parrotbill,Timaliidae,Birds
Phalacrocorax fuscicollis,Indian Cormorant,Phalacrocoracidae,Birds
Oriolus oriolus,Eurasian Golden Oriole,Oriolidae,Birds
Gecinulus grantia,Pale Headed Woodpecker,Picidae,Birds
Lophotriorchis kienerii,Rufous-Bellied Eagle,Accipitridae,Birds
Oenanthe isabellina,Isabelline Wheatear,Muscicapidae,Birds
Stachyris ruficeps,Rufous-Capped Babbler,Timaliidae,Birds
Yuhina occipitalis,Rufous-Vented Yuhina,Timaliidae,Birds
Pnoepyga albiventer,Scaly-Breasted Wren-Babbler,Timaliidae,Birds
Certhia familiaris,Eurasian Treecreeper,Certhiidae,Birds
Phaenicophaeus leschenaultii,Sirkeer Cuckoo,Cuculidae,Birds
Botaurus stellaris,Bittern,Ardeidae,Birds
Charadrius placidus,Long-Billed Plover,Charadriidae,Birds
Pericrocotus solaris,Grey-Chinned Minivet,Campephagidae,Birds
Tringa ochropus,Green Sandpiper,Scolopacidae,Birds
Alcippe cinerea,Yellow-Throated Fulvetta,Timaliidae,Birds
Parus rufonuchalis,Black-Breasted Tit,Paridae,Birds
Stigmatopelia chinensis,Spotted Dove,Columbidae,Birds
Chrysococcyx maculatus,Asian Emerald Cuckoo,Cuculidae,Birds
Otus bakkamoena,Collared Scops Owl,Strigidae,Birds
Bubulcus ibis,Cattle Egret,Ardeidae,Birds
Tyto longimembris,Eastern Grass Owl,Tytonidae,Birds
Monticola rufiventris,Chestnut-Bellied Rock-Thrush,Muscicapidae,Birds
Prinia atrogularis,Hill Prinia,Cisticolidae,Birds
Gyps tenuirostris,Slender-Billed Vulture,Accipitridae,Birds
Grus virgo,Demoiselle Crane,Gruidae,Birds
Tesia olivea,Slaty-Bellied Tesia,Sylviidae,Birds
Cettia brunnifrons,Grey-Sided Bush-Warbler,Sylviidae,Birds
Anas clypeata,Northern Shoveler,Anatidae,Birds
Phylloscopus inornatus,Yellow-Browed Warbler,Sylviidae,Birds
Ficedula hyperythra,Snowy-Browed Flycatcher,Muscicapidae,Birds
Anthreptes singalensis,Ruby-Cheeked Sunbird,Nectariniidae,Birds
Ciconia ciconia,White Stork,Ciconiidae,Birds
Jynx torquilla,Eurasian Wryneck,Picidae,Birds
Prunella rubeculoides,Robin Accentor,Prunellidae,Birds
Coracias benghalensis,Indian Roller,Coraciidae,Birds
Columba leuconota,Snow Pigeon,Columbidae,Birds
Carpodacus rodopeplus,Spot-Winged Rosefinch,Fringillidae,Birds
Columba hodgsonii,Speckled Wood-Pigeon,Columbidae,Birds
Nycticorax nycticorax,Black-Crowned Night-Heron,Ardeidae,Birds
Ibidorhyncha struthersii,Ibisbill,Ibidorhynchidae,Birds
Montifringilla nivalis,White-Winged Snowfinch,Passeridae,Birds
Pellorneum ruficeps,Puff-Throated Babbler,Timaliidae,Birds
Pyrrhoplectes epauletta,Gold-Naped Finch,Fringillidae,Birds
Dendrocopos darjellensis,Brown-Throated Woodpecker,Picidae,Birds
Garrulax squamatus,Blue-Winged Laughingthrush,Timaliidae,Birds
Zoothera marginata,Dark-Sided Thrush,Turdidae,Birds
Phaenicophaeus tristis,Green-Billed Malkoha,Cuculidae,Birds
Coracina macei,Javan Cuckoo-Shrike,Campephagidae,Birds
Arborophila rufogularis,Rufous-Throated Partridge,Phasianidae,Birds
Arborophila mandellii,Chestnut-Breasted Partridge,Phasianidae,Birds
Ploceus megarhynchus,Finn's Weaver,Ploceidae,Birds
Cyornis poliogenys,Brook's Niltava,Muscicapidae,Birds
Megalaima lineata,Lineated Barbet,Ramphastidae,Birds
Plegadis falcinellus,Glossy Ibis,Threskiornithidae,Birds
Centropus sinensis,Common Coucal,Cuculidae,Birds
Glaucidium cuculoides,Cuckoo Owlet,Strigidae,Birds
Pyrrhula erythrocephala,Red-Headed Bullfinch,Fringillidae,Birds
Megalaima asiatica,Blue-Throated Barbet,Ramphastidae,Birds
Dicaeum agile,Thick-Billed Flowerpecker,Dicaeidae,Birds
Prinia sylvatica,Jungle Prinia,Cisticolidae,Birds
Spelaeornis caudatus,Rufous-Throated Wren-Babbler,Timaliidae,Birds
Melophus lathami,Crested Bunting,Emberizidae,Birds
Rostratula benghalensis,Painted-Snipe,Rostratulidae,Birds
Mulleripicus pulverulentus,Great Slaty Woodpecker,Picidae,Birds
Garrulax monileger,Leser Necklaced Laughingthrush,Timaliidae,Birds
Cettia pallidipes,Pale-Footed Bush-Warbler,Sylviidae,Birds
Ploceus philippinus,Baya Weaver,Ploceidae,Birds
Phoenicurus ochruros,Black Redstart,Muscicapidae,Birds
Alcippe castaneceps,Chestnut-Headed Fulvetta,Timaliidae,Birds
Athene brama,Spotted Owlet,Strigidae,Birds
Cisticola juncidis,Zitting Cisticola,Cisticolidae,Birds
Muscicapella hodgsoni,Pygmy Blue-Flycatcher,Muscicapidae,Birds
Rhipidura albicollis,White-Throated Fantail,Rhipiduridae,Birds
Aquila rapax,Tawny Eagle,Accipitridae,Birds
Tachybaptus ruficollis,Little Grebe,Podicipedidae,Birds
Serinus pusillus,Red-Fronted Serin,Fringillidae,Birds
Anser anser,Greylag Goose,Anatidae,Birds
Pinicola subhimachala,Crimson-Browed Finch,Fringillidae,Birds
Amaurornis akool,Brown Crake,Rallidae,Birds
Megalaima haemacephala,Coppersmith Barbet,Ramphastidae,Birds
Gallinago stenura,Pintail Snipe,Scolopacidae,Birds
Vanellus cinereus,Grey-Headed Lapwing,Charadriidae,Birds
Tadorna ferruginea,Ruddy Shelduck,Anatidae,Birds
Phoenicurus frontalis,Blue-Fronted Redstart,Muscicapidae,Birds
Pelecanus philippensis,Grey Pelican,Pelecanidae,Birds
Yuhina flavicollis,Burmese Yuhina,Timaliidae,Birds
Charadrius alexandrinus,Kentish Plover,Charadriidae,Birds
Monticola cinclorhynchus,Blue-Capped Rock-Thrush,Muscicapidae,Birds
Alauda gulgula,Oriental Skylark,Alaudidae,Birds
Xiphirhynchus superciliaris,Slender-Billed Scimitar-Babbler,Timaliidae,Birds
Prinia cinereocapilla,Hodgson's Long-Tailed Warbler,Cisticolidae,Birds
Podiceps nigricollis,Black-Necked Grebe,Podicipedidae,Birds
Motacilla alba,White Wagtail,Motacillidae,Birds
Hieraaetus pennatus,Booted Eagle,Accipitridae,Birds
Abroscopus albogularis,Rufous-Faced Warbler,Sylviidae,Birds
Aegithina tiphia,Common Iora,Aegithinidae,Birds
Cettia flavolivacea,Aberrant Bush-Warbler,Sylviidae,Birds
Treron apicauda,Pin-Tailed Pigeon,Columbidae,Birds
Dicrurus caerulescens,White-Bellied Drongo,Dicruridae,Birds
Mycerobas affinis,Allied Grosbeak,Fringillidae,Birds
Phoenicurus erythronotus,Eversmann's Redstart,Muscicapidae,Birds
Surniculus lugubris,Drongo Cuckoo,Cuculidae,Birds
Bradypterus thoracicus,Spotted Bush-Warbler,Sylviidae,Birds
Anthus sylvanus,Upland Pipit,Motacillidae,Birds
Hemixos flavala,Ashy Bulbul,Pycnonotidae,Birds
Sitta cashmirensis,Kashmir Nuthatch,Sittidae,Birds
Pitta brachyura,Indian Pitta,Pittidae,Birds
Aythya nyroca,Ferruginous Pochard,Anatidae,Birds
Coturnix japonica,Japanese Quail,Phasianidae,Birds
Leptoptilos javanicus,Lesser Adjutant,Ciconiidae,Birds
Hemipus picatus,Bar-Winged Flycatcher-Shrike,Campephagidae,Birds
Carpodacus nipalensis,Dark-Breasted Rosefinch,Fringillidae,Birds
Phylloscopus trochiloides,Greenish Warbler,Sylviidae,Birds
Phylloscopus subviridis,Brooks' Leaf-Warbler,Sylviidae,Birds
Butorides striata,Green-Backed Heron,Ardeidae,Birds
Chaimarrornis leucocephalus,River Chat,Muscicapidae,Birds
Bubo bubo,Eurasian Eagle Owl,Strigidae,Birds
Cacomantis passerinus,Grey Bellied Cuckoo,Cuculidae,Birds
Seicercus burkii,Yellow-Eyed Flycatcher-Warbler,Sylviidae,Birds
Asio otus,Long-Eared Owl,Strigidae,Birds
Montifringilla blanfordi,Blanford's Snowfinch,Passeridae,Birds
Cettia fortipes,Brownish-Flanked Bush-Warbler,Sylviidae,Birds
Ardea purpurea,Purple Heron,Ardeidae,Birds
Leucosticte nemoricola,Plain Mountain-Finch,Fringillidae,Birds
Lanius excubitor,Great Grey Shrike,Laniidae,Birds
Dicaeum chrysorrheum,Yellow-Vented Flowerpecker,Dicaeidae,Birds
Nisaetus nipalensis,Mountain Hawk Eagle,Accipitridae,Birds
Tringa nebularia,Greenshank,Scolopacidae,Birds
Hirundo rustica,Barn Swallow,Hirundinidae,Birds
Picus xanthopygaeus,Little Scaly-Bellied Woodpecker,Picidae,Birds
Carduelis spinoides,Yellow-Breasted Greenfinch,Fringillidae,Birds
Haematospiza sipahi,Scarlet Finch,Fringillidae,Birds
Emberiza spodocephala,Black-Faced Bunting,Emberizidae,Birds
Acrocephalus concinens,Blunt-Winged Warbler,Sylviidae,Birds
Syrrhaptes tibetanus,Tibetan Sandgrouse,Pteroclididae,Birds
Phoenicurus caeruleocephala,Blue Capped Redstart,Muscicapidae,Birds
Pitta nipalensis,Blue-Naped Pitta,Pittidae,Birds
Falco cherrug,Saker Falcon,Falconidae,Birds
Mycerobas icterioides,Black-And-Yellow Grosbeak,Fringillidae,Birds
Malacocincla abbotti,Abbott's Babbler,Timaliidae,Birds
Hemiprocne coronata,Crested Treeswift,Hemiprocnidae,Birds
Phylloscopus griseolus,Sulphur-Bellied Warbler,Sylviidae,Birds
Hodgsonius phaenicuroides,White-Bellied Redstart,Muscicapidae,Birds
Columba pulchricollis,Ashy Wood-Pigeon,Columbidae,Birds
Parus rubidiventris,Rufous-Vented Tit,Paridae,Birds
Tarsiger cyanurus,Red-Flanked Bluetail,Muscicapidae,Birds
Turdoides earlei,Striated Babbler,Timaliidae,Birds
Megalurus palustris,Striated Grassbird,Sylviidae,Birds
Pnoepyga immaculata,Nepal Wren-Babbler,Timaliidae,Birds
Pericrocotus ethologus,Long-Tailed Minivet,Campephagidae,Birds
Columba palumbus,Woodpigeon,Columbidae,Birds
Carpodacus rodochroa,Pink-Browed Rosefinch,Fringillidae,Birds
Perdicula asiatica,Jungle Bush-Quail,Phasianidae,Birds
Passer domesticus,House Sparrow,Passeridae,Birds
Carpodacus puniceus,Rose-Breasted Rosefinch,Fringillidae,Birds
Sarcogyps calvus,Indian Black Vulture,Accipitridae,Birds
Pterocles indicus,Painted Sandgrouse,Pteroclididae,Birds
Aquila hastata,Indian Spotted Eagle,Accipitridae,Birds
Tephrodornis pondicerianus,Common Woodshrike,Campephagidae,Birds
Calandrella raytal,Sand Lark,Alaudidae,Birds
Macropygia unchall,Bar-Tailed Cuckoo-Dove,Columbidae,Birds
Chlidonias hybrida,Whiskered Tern,Laridae,Birds
Certhia discolor,Brown-Throated Treecreeper,Certhiidae,Birds
Pomatorhinus ruficollis,Streak-Breasted Scimitar-Babbler,Timaliidae,Birds
Copsychus malabaricus,White-Rumped Shama,Muscicapidae,Birds
Aquila heliaca,Imperial Eagle,Accipitridae,Birds
Calidris alpina,Dunlin,Scolopacidae,Birds
Ixobrychus flavicollis,Black Bittern,Ardeidae,Birds
Cacomantis sonneratii,Banded Bay Cuckoo,Cuculidae,Birds
Phoenicurus hodgsoni,Hodgson's Redstart,Muscicapidae,Birds
Grus nigricollis,Black-Necked Crane,Gruidae,Birds
Phylloscopus humei,Hume's Leaf Warbler,Sylviidae,Birds
Melanochlora sultanea,Sultan Tit,Paridae,Birds
Dicaeum ignipectus,Green-Backed Flowerpecker,Dicaeidae,Birds
Garrulax variegatus,Variegated Laughingthrush,Timaliidae,Birds
Bubo bengalensis,Rock Eagle-Owl,Strigidae,Birds
Tachymarptis melba,Alpine Swift,Apodidae,Birds
Marmaronetta angustirostris,Marbled Duck,Anatidae,Birds
Saroglossa spiloptera,Spot-Winged Starling,Sturnidae,Birds
Fringilla montifringilla,Brambling,Fringillidae,Birds
Mergus merganser,Goosander,Anatidae,Birds
Sturnus contra,Asian Pied Starling,Sturnidae,Birds
Saxicola ferreus,Grey Bushchat,Muscicapidae,Birds
Aegithalos niveogularis,White-Throated Tit,Aegithalidae,Birds
Neophron percnopterus,Egyptian Vulture,Accipitridae,Birds
Garrulax striatus,Striated Laughingthrush,Timaliidae,Birds
Erpornis zantholeuca,White Bellied Yuhina,Timaliidae,Birds
Stachyris nigriceps,Grey-Throated Babbler,Timaliidae,Birds
Luscinia svecica,Bluethroat,Muscicapidae,Birds
Tetraogallus himalayensis,Himalayan Snowcock,Phasianidae,Birds
Carpodacus erythrinus,Common Rosefinch,Fringillidae,Birds
Culicicapa ceylonensis,Grey-Headed Canary-Flycatcher,Muscicapidae,Birds
Hirundo fluvicola,Indian Cliff Swallow,Hirundinidae,Birds
Cacomantis merulinus,Grey-Bellied Cuckoo,Cuculidae,Birds
Clamator coromandus,Chestnut-Winged Cuckoo,Cuculidae,Birds
Seicercus castaniceps,Chestnut-Crowned Warbler,Sylviidae,Birds
Phylloscopus magnirostris,Large-Billed Leaf-Warbler,Sylviidae,Birds
Calandrella acutirostris,Hume's Lark,Alaudidae,Birds
Lanius tephronotus,Grey-Backed Shrike,Laniidae,Birds
Ficedula tricolor,Slaty-Blue Flycatcher,Muscicapidae,Birds
Columba punicea,Pale-Capped Pigeon,Columbidae,Birds
Pseudibis papillosa,Red-Naped Ibis,Threskiornithidae,Birds
Strix aluco,Tawny Owl,Strigidae,Birds
Haliaeetus albicilla,White-Tailed Eagle,Accipitridae,Birds
Carpodacus rubicilloides,Eastern Great Rosefinch,Fringillidae,Birds
Anas falcata,Falcated Duck,Anatidae,Birds
Dicaeum erythrorhynchos,Pale-Billed Flowerpecker,Dicaeidae,Birds
Pericrocotus flammeus,Scarlet Minivet,Campephagidae,Birds
Milvus migrans,Black Kite,Accipitridae,Birds
Aquila nipalensis,Steppe Eagle,Accipitridae,Birds
Galerida cristata,Crested Lark,Alaudidae,Birds
Chrysocolaptes festivus,Black-Rumped Woodpecker,Picidae,Birds
Prinia gracilis,Graceful Prinia,Cisticolidae,Birds
Sturnus malabaricus,Ashy-Headed Starling,Sturnidae,Birds
Cuculus saturatus,Oriental Cuckoo,Cuculidae,Birds
Passer rutilans,Cinnamon Sparrow,Passeridae,Birds
Ardea cinerea,Grey Heron,Ardeidae,Birds
Niltava vivida,Vivid Niltava,Muscicapidae,Birds
Saxicola macrorhynchus,Stoliczka's Bushchat,Muscicapidae,Birds
Garrulax lineatus,Streaked Laughingthrush,Timaliidae,Birds
Spelaeornis formosus,Spotted Wren-Babbler,Timaliidae,Birds
Buceros bicornis,Great Hornbill,Bucerotidae,Birds
Vanellus gregarius,Sociable Lapwing,Charadriidae,Birds
Ichthyophaga humilis,Lesser Fish-Eagle,Accipitridae,Birds
Francolinus pondicerianus,Grey Francolin,Phasianidae,Birds
Dicrurus leucophaeus,Ashy Drongo,Dicruridae,Birds
Sterna acuticauda,Black-Bellied Tern,Laridae,Birds
Sylvia althaea,Hume's Whitethroat,Sylviidae,Birds
Cypsiurus balasiensis,Asian Palm Swift,Apodidae,Birds
Gyps fulvus,European Griffon Vulture,Accipitridae,Birds
Locustella lanceolata,Lanceolated Warbler,Sylviidae,Birds
Strix leptogrammica,Brown Wood-Owl,Strigidae,Birds
Carduelis carduelis,European Goldfinch,Fringillidae,Birds
Psittacula himalayana,Grey-Headed Parakeet,Psittacidae,Birds
Prunella immaculata,Maroon-Backed Accentor,Prunellidae,Birds
Grandala coelicolor,Grandala,Muscicapidae,Birds
Alectoris chukar,Chukar,Phasianidae,Birds
Anas crecca,Common Teal,Anatidae,Birds
Carpodacus vinaceus,Vinaceous Rosefinch,Fringillidae,Birds
Ocyceros birostris,Indian Grey Hornbill,Bucerotidae,Birds
Dicrurus annectans,Crow-Billed Drongo,Dicruridae,Birds
Luscinia brunnea,Indian Blue Robin,Muscicapidae,Birds
Orthotomus sutorius,Common Tailorbird,Sylviidae,Birds
Threskiornis melanocephalus,Oriental Ibis,Threskiornithidae,Birds
Leptopoecile sophiae,Severtzov's Tit-Warbler,Aegithalidae,Birds
Eudynamys scolopaceus,Asian Koel,Cuculidae,Birds
Alcedo hercules,Blyth's Kingfisher,Alcedinidae,Birds
Arachnothera magna,Streaked Spiderhunter,Nectariniidae,Birds
Garrulax affinis,White-Whiskered Laughingthrush,Timaliidae,Birds
Porzana porzana,Spotted Crake,Rallidae,Birds
Saxicola insignis,White-Throated Bushchat,Muscicapidae,Birds
Coturnix chinensis,Blue Quail,Phasianidae,Birds
Calidris temminckii,Temminck's Stint,Scolopacidae,Birds
Stachyris pyrrhops,Red-Billed Tree Babbler,Timaliidae,Birds
Ardeola grayii,Indian Pond-Heron,Ardeidae,Birds
Chelidorhynx hypoxantha,Yellow-Bellied Fantail,Rhipiduridae,Birds
Megalaima zeylanica,Brown-Headed Barbet,Ramphastidae,Birds
Phylloscopus collybita,Chiffchaff,Sylviidae,Birds
Dumetia hyperythra,Tawny-Bellied Babbler,Timaliidae,Birds
Myzornis pyrrhoura,Fire-Tailed Myzornis,Timaliidae,Birds
Megalaima franklinii,Golden-Throated Barbet,Ramphastidae,Birds
Pycnonotus jocosus,Red-Whiskered Bulbul,Pycnonotidae,Birds
Ichthyophaga ichthyaetus,Grey-Headed Fish-Eagle,Accipitridae,Birds
Coracina melanoptera,Black-Headed Cuckoo-Shrike,Campephagidae,Birds
Emberiza striolata,House Bunting,Emberizidae,Birds
Seicercus affinis,Allied Flycatcher-Warbler,Sylviidae,Birds
Gallinago nemoricola,Wood Snipe,Scolopacidae,Birds
Ficedula sapphira,Sapphire-Headed Flycatcher,Muscicapidae,Birds
Merops orientalis,Little Green Bee-Eater,Meropidae,Birds
Carpodacus edwardsii,Dark-Rumped Rosefinch,Fringillidae,Birds
Gypaetus barbatus,Lammergeier,Accipitridae,Birds
Mycerobas melanozanthos,Spot-Winged Grosbeak,Fringillidae,Birds
Babax waddelli,Giant Babax,Timaliidae,Birds
Pnoepyga pusilla,Pygmy Wren-Babbler,Timaliidae,Birds
Circus melanoleucos,Pied Harrier,Accipitridae,Birds
Picus squamatus,Scaly-Bellied Woodpecker,Picidae,Birds
Delichon nipalense,Nepal House Martin,Hirundinidae,Birds
Alcippe nipalensis,Nepal Fulvetta,Timaliidae,Birds
Zoothera monticola,Long-Billed Thrush,Turdidae,Birds
Riparia paludicola,Plain Martin,Hirundinidae,Birds
Hippolais caligata,Booted Warbler,Sylviidae,Birds
Ficedula parva,Red-Breasted Flycatcher,Muscicapidae,Birds
Anas platyrhynchos,Mallard,Anatidae,Birds
Dendrocopos himalayensis,Himalayan Woodpecker,Picidae,Birds
Aegithalos concinnus,Black-Throated Tit,Aegithalidae,Birds
Fringilla coelebs,Chaffinch,Fringillidae,Birds
Rallina eurizonoides,Slaty-Legged Crake,Rallidae,Birds
Cinclidium leucurum,White-Tailed Robin,Muscicapidae,Birds
Cisticola exilis,Gold-Capped Cisticola,Cisticolidae,Birds
Stigmatopelia senegalensis,Laughing Dove,Columbidae,Birds
Callacanthis burtoni,Red-Browed Rosefinch,Fringillidae,Birds
Anthus similis,Long-Billed Pipit,Motacillidae,Birds
Pernis ptilorhyncus,Oriental Honey-Buzzard,Accipitridae,Birds
Prinia crinigera,Striated Prinia,Cisticolidae,Birds
Heterophasia capistrata,Black-Capped Sibia,Timaliidae,Birds
Halcyon pileata,Black-Capped Kingfisher,Alcedinidae,Birds
Pterocles exustus,Chestnut-Bellied Sandgrouse,Pteroclididae,Birds
Montifringilla ruficollis,Rufous-Necked Snowfinch,Passeridae,Birds
Emberiza leucocephalos,Pine Bunting,Emberizidae,Birds
Eremophila alpestris,Horned Lark,Alaudidae,Birds
Garrulax rufogularis,Rufous-Chinned Laughingthrush,Timaliidae,Birds
Prinia flaviventris,Yellow-Bellied Prinia,Cisticolidae,Birds
Psittacula roseata,Blossom-Headed Parakeet,Psittacidae,Birds
Garrulax erythrocephalus,Red-Headed Laughingthrush,Timaliidae,Birds
Pteruthius melanotis,Black-Eared Shrike-Babbler,Timaliidae,Birds
Circus macrourus,Pallid Harrier,Accipitridae,Birds
Aethopyga siparaja,Crimson Sunbird,Nectariniidae,Birds
Catreus wallichi,Cheer Pheasant,Phasianidae,Birds
Heterophasia annectens,Chestnut-Backed Minla,Timaliidae,Birds
Gallinula chloropus,Common Moorhen,Rallidae,Birds
Turdoides longirostris,Slender-Billed Babbler,Timaliidae,Birds
Dinopium benghalense,Black-Rumped Flameback,Picidae,Birds
Hirundo concolor,Dusky Crag Martin,Hirundinidae,Birds
Tadorna tadorna,Common Shelduck,Anatidae,Birds
Circus aeruginosus,Eurasian Marsh Harrier,Accipitridae,Birds
Galloperdix spadicea,Red Spurfowl,Phasianidae,Birds
Ithaginis cruentus,Blood Pheasant,Phasianidae,Birds
Merops philippinus,Blue-Tailed Bee-Eater,Meropidae,Birds
Gallinago gallinago,Common Snipe,Scolopacidae,Birds
Garrulax henrici,Prince Henry's Laughingthrush,Timaliidae,Birds
Upupa epops,Hoopoe,Upupidae,Birds
Lymnocryptes minimus,Jack Snipe,Scolopacidae,Birds
Aythya baeri,Baer's Pochard,Anatidae,Birds
Merops leschenaulti,Chestnut-Headed Bee-Eater,Meropidae,Birds
Aegithalos iouschistos,Black-Browed Tit,Aegithalidae,Birds
Nectarinia asiatica,Purple Sunbird,Nectariniidae,Birds
Pelecanus onocrotalus,Great White Pelican,Pelecanidae,Birds
Tarsiger indicus,White-Browed Bush-Robin,Muscicapidae,Birds
Pyrrhula aurantiaca,Orange Bullfinch,Fringillidae,Birds
Carpodacus rubescens,Blanford's Rosefinch,Fringillidae,Birds
Garrulus glandarius,Eurasian Jay,Corvidae,Birds
Artamus fuscus,Ashy Woodswallow,Artamidae,Birds
Pteruthius flaviscapis,White-Browed Shrike-Babbler,Timaliidae,Birds
Emberiza cia,Rock Bunting,Emberizidae,Birds
Prunella fulvescens,Brown Accentor,Prunellidae,Birds
Carduelis flavirostris,Twite,Fringillidae,Birds
Bubo coromandus,Dusky Eagle-Owl,Strigidae,Birds
Pandion haliaetus,Osprey,Accipitridae,Birds
Chrysocolaptes lucidus,Greater Flameback,Picidae,Birds
Falco columbarius,Merlin,Falconidae,Birds
Picus flavinucha,Greater Yellow-Naped Woodpecker,Picidae,Birds
Mycteria leucocephala,Painted Stork,Ciconiidae,Birds
Aythya ferina,Common Pochard,Anatidae,Birds
Charadrius mongolus,Mongolian Plover,Charadriidae,Birds
Porzana pusilla,Baillon's Crake,Rallidae,Birds
Falco severus,Oriental Hobby,Falconidae,Birds
Acridotheres fuscus,Jungle Myna,Sturnidae,Birds
Aythya fuligula,Tufted Duck,Anatidae,Birds
Cettia major,Large Bush-Warbler,Sylviidae,Birds
Otus sunia,Oriental Scops Owl,Strigidae,Birds
Larus ichthyaetus,Pallas's Gull,Laridae,Birds
Bradypterus mandelli,Russet Bush Warbler,Sylviidae,Birds
Lonchura atricapilla,Chestnut Munia,Estrildidae,Birds
Acridotheres tristis,Common Myna,Sturnidae,Birds
Haliastur indus,Brahminy Kite,Accipitridae,Birds
Ixobrychus sinensis,Yellow Bittern,Ardeidae,Birds
Ciconia episcopus,Woolly-Necked Stork,Ciconiidae,Birds
Buteo rufinus,Long-Legged Buzzard,Accipitridae,Birds
Perdix hodgsoniae,Tibetan Partridge,Phasianidae,Birds
Saxicola jerdoni,Jerdon's Bushchat,Muscicapidae,Birds
Falco naumanni,Lesser Kestrel,Falconidae,Birds
Niltava macgrigoriae,Small Niltava,Muscicapidae,Birds
Circus cyaneus,Hen Harrier,Accipitridae,Birds
Zoothera wardii,Pied Thrush,Turdidae,Birds
Loriculus vernalis,Vernal Hanging-Parrot,Psittacidae,Birds
Dendrocopos hyperythrus,Rufous-Bellied Woodpecker,Picidae,Birds
Cyornis magnirostris,Large Blue Flycatcher,Muscicapidae,Birds
Mirafra erythroptera,Indian Red-Winged Lark,Alaudidae,Birds
Minla ignotincta,Red-Tailed Minla,Timaliidae,Birds
Megalaima virens,Great Barbet,Ramphastidae,Birds
Treron bicinctus,Orange Breasted Green Pigeon,Columbidae,Birds
Streptopelia decaocto,Collared Dove,Columbidae,Birds
Anthus richardi,Richard's Pipit,Motacillidae,Birds
Parus spilonotus,Chinese Yellow Tit,Paridae,Birds
Anthus trivialis,Tree Pipit,Motacillidae,Birds
Phylloscopus xanthoschistos,Grey-Hooded Warbler,Sylviidae,Birds
Accipiter virgatus,Besra,Accipitridae,Birds
Motacilla madaraspatensis,White Browed Wagtail,Motacillidae,Birds
Paradoxornis nipalensis,Black-Throated Parrotbill,Timaliidae,Birds
Loxia curvirostra,Red Crossbill,Fringillidae,Birds
Ceryle rudis,Pied Kingfisher,Alcedinidae,Birds
Oriolus chinensis,Black-Naped Oriole,Oriolidae,Birds
Leptoptilos dubius,Greater Adjutant,Ciconiidae,Birds
Garrulax pectoralis,Greater Necklaced Laughingthrush,Timaliidae,Birds
Turdoides striata,Jungle Babbler,Timaliidae,Birds
Elanus caeruleus,Black-Winged Kite,Accipitridae,Birds
Heterophasia picaoides,Long-Tailed Sibia,Timaliidae,Birds
Prinia hodgsonii,Franklin's Prinia,Cisticolidae,Birds
Copsychus saularis,Oriental Magpie-Robin,Muscicapidae,Birds
Ixobrychus minutus,Little Bittern,Ardeidae,Birds
Cinclus cinclus,Dipper,Cinclidae,Birds
Motacilla citreola,Citrine Wagtail,Motacillidae,Birds
Abroscopus superciliaris,Yellow-Bellied Flycatcher-Warbler,Sylviidae,Birds
Corvus levaillantii,Jungle Crow,Corvidae,Birds
Oriolus traillii,Maroon Oriole,Oriolidae,Birds
Leptopoecile elegans,Crested Tit-Warbler,Aegithalidae,Birds
Prunella atrogularis,Black-Throated Accentor,Prunellidae,Birds
Acrocephalus agricola,Paddyfield Warbler,Sylviidae,Birds
Phylloscopus fuligiventer,Smoky Warbler,Sylviidae,Birds
Emberiza godlewskii,Godlewski's Bunting,Emberizidae,Birds
Ninox scutulata,Brown Hawk-Owl,Strigidae,Birds
Phylloscopus fuscatus,Dusky Warbler,Sylviidae,Birds
Locustella certhiola,Pallas's Grasshopper Warbler,Sylviidae,Birds
Coturnix coturnix,Common Quail,Phasianidae,Birds
Corvus splendens,House Crow,Corvidae,Birds
Ketupa flavipes,Tawny Fish-Owl,Strigidae,Birds
Glaucidium radiatum,Jungle Owlet,Strigidae,Birds
Garrulax subunicolor,Scaly Laughingthrush,Timaliidae,Birds
Picus chlorolophus,Lesser Yellownape,Picidae,Birds
Falco chicquera,Red-Necked Falcon,Falconidae,Birds
Seicercus whistleri,Whistler's Warbler,Sylviidae,Birds
Chloropsis aurifrons,Golden-Fronted Leafbird,Chloropseidae,Birds
Caprimulgus macrurus,Large-Tailed Nightjar,Caprimulgidae,Birds
Anthracoceros albirostris,Oriental Pied Hornbill,Bucerotidae,Birds
Turdoides nipalensis,Spiny Babbler,Timaliidae,Birds
Alcedo meninting,Blue-Eared Kingfisher,Alcedinidae,Birds
Buteo buteo,Buzzard,Accipitridae,Birds
Chloropsis hardwickii,Orange-Bellied Leafbird,Chloropseidae,Birds
Hydrophasianus chirurgus,Pheasant-Tailed Jacana,Jacanidae,Birds
Nyctyornis athertoni,Blue-Bearded Bee-Eater,Meropidae,Birds
Columba livia,Rock Dove,Columbidae,Birds
Clamator jacobinus,Black-And-White Cuckoo,Cuculidae,Birds
Mycerobas carnipes,White-Winged Grosbeak,Fringillidae,Birds
Carpodacus rhodochlamys,Red-Mantled Rosefinch,Fringillidae,Birds
Dendrocitta vagabunda,Indian Treepie,Corvidae,Birds
Garrulax leucolophus,White-Crested Laughingthrush,Timaliidae,Birds
Lanius cristatus,Brown Shrike,Laniidae,Birds
Caprimulgus indicus,Jungle Nightjar,Caprimulgidae,Birds
Carpodacus rubicilla,Caucasian Great Rosefinch,Fringillidae,Birds
Pycnonotus melanicterus,Black-Crested Bulbul,Pycnonotidae,Birds
Glareola maldivarum,Oriental Pratincole,Glareolidae,Birds
Tickellia hodgsoni,Broad-Billed Flycatcher-Warbler,Sylviidae,Birds
Mirafra assamica,Rufous-Winged Bushlark,Alaudidae,Birds
Psarisomus dalhousiae,Long-Tailed Broadbill,Eurylaimidae,Birds
Pycnonotus striatus,Striated Bulbul,Pycnonotidae,Birds
Pycnonotus cafer,Red-Vented Bulbul,Pycnonotidae,Birds
Cuculus canorus,Common Cuckoo,Cuculidae,Birds
Prunella himalayana,Himalayan Accentor,Prunellidae,Birds
Myophonus caeruleus,Himalayan Whistling-Thrush,Turdidae,Birds
Hirundapus cochinchinensis,White-Vented Needletail,Apodidae,Birds
Pyrrhula erythaca,Beavan's Bullfinch,Fringillidae,Birds
Emberiza rutila,Chestnut Bunting,Emberizidae,Birds
Coracina melaschistos,Black-Winged Cuckoo-Shrike,Campephagidae,Birds
Nettapus coromandelianus,Cotton Pygmy-Goose,Anatidae,Birds
Francolinus francolinus,Black Francolin,Phasianidae,Birds
Falco jugger,Laggar Falcon,Falconidae,Birds
Dicrurus aeneus,Bronzed Drongo,Dicruridae,Birds
Eremopterix griseus,Ashy Crowned Sparrow Lark,Alaudidae,Birds
Cuculus poliocephalus,Lesser Cuckoo,Cuculidae,Birds
Turdus albocinctus,White-Collared Blackbird,Turdidae,Birds
Stachyris ambigua,Buff-Chested Babbler,Timaliidae,Birds
Montifringilla taczanowskii,White-Rumped Snowfinch,Passeridae,Birds
Seicercus poliogenys,Grey-Cheeked Flycatcher-Warbler,Sylviidae,Birds
Anhinga melanogaster,Indian Darter,Anhingidae,Birds
Anthus rufulus,Paddyfield Pipit,Motacillidae,Birds
Arborophila torqueola,Hill Partridge,Phasianidae,Birds
Oenanthe deserti,Desert Wheatear,Muscicapidae,Birds
Gampsorhynchus rufulus,White-Headed Shrike-Babbler,Timaliidae,Birds
Ducula aenea,Green Imperial-Pigeon,Columbidae,Birds
Actitis hypoleucos,Common Sandpiper,Scolopacidae,Birds
Motacilla flava,Yellow Wagtail,Motacillidae,Birds
Irena puella,Asian Fairy-Bluebird,Irenidae,Birds
Phodilus badius,Bay Owl,Tytonidae,Birds
Alcippe chrysotis,Golden-Breasted Fulvetta,Timaliidae,Birds
Sterna albifrons,Little Tern,Laridae,Birds
Sturnus vulgaris,Common Starling,Sturnidae,Birds
Liocichla phoenicea,Red-Faced Liocichla,Timaliidae,Birds
Hypsipetes mcclellandii,Mountain Bulbul,Pycnonotidae,Birds
Treron curvirostra,Thick-Billed Pigeon,Columbidae,Birds
Oxyura leucocephala,White-Headed Duck,Anatidae,Birds
Rallus aquaticus,Water Rail,Rallidae,Birds
Ficedula superciliaris,White-Browed Blue Flycatcher,Muscicapidae,Birds
Pteruthius rufiventer,Black-Headed Shrike-Babbler,Timaliidae,Birds
Amaurornis phoenicurus,White-Breasted Waterhen,Rallidae,Birds
Dendrocitta formosae,Grey Treepie,Corvidae,Birds
Pericrocotus roseus,Brown-Rumped Minivet,Campephagidae,Birds
Alcippe dubia,Rusty Capped Fulvetta,Timaliidae,Birds
Emberiza bruniceps,Red-Headed Bunting,Emberizidae,Birds
Psittacula krameri,Rose-Ringed Parakeet,Psittacidae,Birds
Cyornis unicolor,Pale Blue-Flycatcher,Muscicapidae,Birds
Phylloscopus chloronotus,Pale-Rumped Warbler,Sylviidae,Birds
Athene noctua,Little Owl,Strigidae,Birds
Paradoxornis flavirostris,Gould's Parrotbill,Timaliidae,Birds
Parus dichrous,Grey-Crested Tit,Paridae,Birds
Turdus rubrocanus,Grey-Headed Thrush,Turdidae,Birds
Dendrocopos auriceps,Brown-Fronted Woodpecker,Picidae,Birds
Porphyrio porphyrio,Purple Swamphen,Rallidae,Birds
Stachyris rufifrons,Rufous-Fronted Babbler,Timaliidae,Birds
Sitta himalayensis,White-Tailed Nuthatch,Sittidae,Birds
Dendrocopos cathpharius,Crimson-Breasted Woodpecker,Picidae,Birds
Accipiter trivirgatus,Crested Goshawk,Accipitridae,Birds
Alophoixus flaveolus,Ashy-Fronted Bearded Bulbul,Pycnonotidae,Birds
Dicrurus paradiseus,Greater Racket-Tailed Drongo,Dicruridae,Birds
Grus antigone,Sarus Crane,Gruidae,Birds
Pavo cristatus,Common Peafowl,Phasianidae,Birds
Dendrocygna javanica,Lesser Whistling-Duck,Anatidae,Birds
Pomatorhinus erythrogenys,Spot-Breasted Scimitar-Babbler,Timaliidae,Birds
Columba rupestris,Hill Pigeon,Columbidae,Birds
Tragopan satyra,Satyr Tragopan,Phasianidae,Birds
Rhipidura hypoxantha,Yellow-Bellied Fantail,Rhipiduridae,Birds
Glareola lactea,Little Pratincole,Glareolidae,Birds
Aquila fasciatus,Bonelli's Eagle,Accipitridae,Birds
Turnix suscitator,Barred Buttonquail,Turnicidae,Birds
Accipiter badius,Shikra,Accipitridae,Birds
Carpodacus pulcherrimus,Beautiful Rosefinch,Fringillidae,Birds
Brachypteryx stellata,Gould's Shortwing,Turdidae,Birds
Sitta formosa,Beautiful Nuthatch,Sittidae,Birds
Cuculus varius,Common Hawk-Cuckoo,Cuculidae,Birds
Circus pygargus,Montagu's Harrier,Accipitridae,Birds
Sitta castanea,Kashmir Nuthatch,Sittidae,Birds
Garrulus lanceolatus,Lanceolated Jay,Corvidae,Birds
Anser indicus,Bar-Headed Goose,Anatidae,Birds
Alcippe rufogularis,Rufous-Throated Fulvetta,Timaliidae,Birds
Pelargopsis capensis,Stork-Billed Kingfisher,Alcedinidae,Birds
Phalacrocorax carbo,Cormorant,Phalacrocoracidae,Birds
Montifringilla adamsi,Adams' Snowfinch,Passeridae,Birds
Megaceryle lugubris,Crested Kingfisher,Alcedinidae,Birds
Caprimulgus affinis,Savanna Nightjar,Caprimulgidae,Birds
Pericrocotus erythropygius,White-Bellied Minivet,Campephagidae,Birds
Zoothera citrina,Orange-Headed Thrush,Turdidae,Birds
Yuhina torqueola,Indochinese Yuhina,Timaliidae,Birds
Corvus macrorhynchos,Large-Billed Crow,Corvidae,Birds
Bubo nipalensis,Forest Eagle-Owl,Strigidae,Birds
Cinclus pallasii,Brown Dipper,Cinclidae,Birds
Dicaeum concolor,Plain Flowerpecker,Dicaeidae,Birds
Niltava grandis,Large Niltava,Muscicapidae,Birds
Numenius arquata,Eurasian Curlew,Scolopacidae,Birds
Ploceus benghalensis,Bengal Weaver,Ploceidae,Birds
Parus major,Great Tit,Paridae,Birds
Actinodura nipalensis,Hoary Barwing,Timaliidae,Birds
Sasia ochracea,White-Browed Piculet,Picidae,Birds
Himantopus himantopus,Black-Winged Stilt,Recurvirostridae,Birds
Hirundo daurica,Red-Rumped Swallow,Hirundinidae,Birds
Fulica atra,Common Coot,Rallidae,Birds
Dicaeum melanoxanthum,Yellow-Bellied Flowerpecker,Dicaeidae,Birds
Graminicola bengalensis,Rufous-Rumped Grassbird,Sylviidae,Birds
Microhierax caerulescens,Collared Falconet,Falconidae,Birds
Emberiza pusilla,Little Bunting,Emberizidae,Birds
Sphenocichla humei,Wedge-Billed Wren-Babbler,Timaliidae,Birds
Falco peregrinus,Peregrine Falcon,Falconidae,Birds
Pyrrhocorax pyrrhocorax,Red-Billed Chough,Corvidae,Birds
Circaetus gallicus,Short-Toed Eagle,Accipitridae,Birds
Aegypius monachus,Monk Vulture,Accipitridae,Birds
Passer montanus,Eurasian Tree Sparrow,Passeridae,Birds
Troglodytes troglodytes,Winter Wren,Troglodytidae,Birds
Streptopelia orientalis,Oriental Turtle Dove,Columbidae,Birds
Acrocephalus dumetorum,Blyth's Reed Warbler,Sylviidae,Birds
Caprimulgus asiaticus,Indian Nightjar,Caprimulgidae,Birds
Zoothera dauma,Scaly Thrush,Turdidae,Birds
Paradoxornis ruficeps,Greater-Red-Headed Parrotbill,Timaliidae,Birds
Gyps himalayensis,Himalayan Griifon,Accipitridae,Birds
Cuculus fugax,Fugitive Hawk-Cuckoo,Cuculidae,Birds
Prinia inornata,Plain Prinia,Cisticolidae,Birds
Miniopterus pusillus,Small Bent Winged Bat,Vespertilionidae,Mammals
Taphozous nudiventris,Naked Rumped Tomb Bat,Emballonuridae,Mammals
Megaderma spasma,Lesser False Vampire Bat,Megadermatidae,Mammals
Bos mutus,Wild Yak,Bovidae,Mammals
Neodon sikimensis,Sikkim Mountain Vole,Cricetidae,Mammals
Felis chaus,Jungle Cat,Felidae,Mammals
Vulpes ferrilata,Tibetan Fox,Canidae,Mammals
Rhinopoma hardwickii,Lesser Mouse-Tailed Bat,Rhinopomatidae,Mammals
Platanista gangetica,Ganges River Dolphin,Platanistidae,Mammals
Niviventer niviventer,Himalayan White-Bellied Rat,Muridae,Mammals
Ratufa bicolor,Black Giant Squirrel,Sciuridae,Mammals
Macaca mulatta,Rhesus Monkey,Cercopithecidae,Mammals
Dremomys lokriah,Orange Bellied Himalayan Squirrel,Sciuridae,Mammals
Bubalus arnee,Asian Buffalo,Bovidae,Mammals
Mustela kathiah,Yellow-Bellied Weasel,Mustelidae,Mammals
Lutrogale perspicillata,Smooth Coated Otter,Mustelidae,Mammals
Hylopetes alboniger,African Linsang,Sciuridae,Mammals
Mustela sibirica,Siberian Weasel,Mustelidae,Mammals
Ochotona macrotis,Large-Eared Pika,Ochotonidae,Mammals
Melogale personata,Burmese Ferret Badger,Mustelidae,Mammals
Semnopithecus hector,Tarai Gray Langur,Cercopithecidae,Mammals
Murina tubinaris,Scully's Tube Nosed Bat,Vespertilionidae,Mammals
Myotis siligorensis,Himalayan Whiskered Bat,Vespertilionidae,Mammals
Rhinolophus affinis,Intermediate Horseshoe Bat,Rhinolophidae,Mammals
Mellivora capensis,Honey Badger,Mustelidae,Mammals
Episoriculus macrurus,Arboreal Brown-Toothed Shrew,Soricidae,Mammals
Suncus murinus,House Shrew,Soricidae,Mammals
Semnopithecus schistaceus,Nepal Gray Langur,Cercopithecidae,Mammals
Rattus pyctoris,Himalayan Rat,Muridae,Mammals
Harpiocephalus harpia,Lesser Hairy-Winged Bat,Vespertilionidae,Mammals
Phaiomys leucurus,Blyth's Vole,Cricetidae,Mammals
Vulpes bengalensis,Bengal Fox,Canidae,Mammals
Leopoldamys edwardsi,Edward’S Rat,Muridae,Mammals
Lepus nigricollis,Indian Hare,Leporidae,Mammals
Rhinolophus macrotis,Big Eared Horseshoe Bat,Rhinolophidae,Mammals
Rhinolophus rouxii,Rufous Horseshoe Bat,Rhinolophidae,Mammals
Capricornis thar,Himalayan Serow,Bovidae,Mammals
Pardofelis marmorata,Marbled Cat,Felidae,Mammals
Procapra picticaudata,Goa,Bovidae,Mammals
Melursus ursinus,Sloth Bear,Ursidae,Mammals
Cannomys badius,Lesser Bamboo Rat,Spalacidae,Mammals
Ochotona curzoniae,Plateau Pika,Ochotonidae,Mammals
Eptesicus pachyotis,Thick Eared Bat,Vespertilionidae,Mammals
Suncus stoliczkanus,Anderson's Shrew,Soricidae,Mammals
Petaurista elegans,Spotted Giant Flying Squirrel,Sciuridae,Mammals
Canis aureus,Golden Jackal,Canidae,Mammals
Dacnomys millardi,Millard's Rat,Muridae,Mammals
Myotis muricola,Nepalese Whiskered Bat,Vespertilionidae,Mammals
Cricetulus lama,Lama Dwarf Hamster,Cricetidae,Mammals
Ovis ammon,Argali,Bovidae,Mammals
Catopuma temminckii,Temminck's Golden Cat,Felidae,Mammals
Paguma larvata,Masked Palm Civet,Viverridae,Mammals
Megaerops niphanae,Ratanaworabhan's Fruit Bat,Pteropodidae,Mammals
Rhinolophus sinicus,Chinese Horseshoe Bat,Rhinolophidae,Mammals
Pipistrellus tenuis,Least Pipistrelle,Vespertilionidae,Mammals
Arctictis binturong,Bearcat,Viverridae,Mammals
Ailurus fulgens,Red Panda,Ailuridae,Mammals
Tylonycteris pachypus,Lesser Bamboo Bat,Vespertilionidae,Mammals
Antilope cervicapra,Blackbuck,Bovidae,Mammals
Episoriculus leucops,Long-Tailed Brown-Toothed Shrew,Soricidae,Mammals
Mustela altaica,Mountain Weasel,Mustelidae,Mammals
Tamiops macclellandii,Himalayan Striped Squirrel,Sciuridae,Mammals
Niviventer eha,Little Himalayan Rat,Muridae,Mammals
Tetracerus quadricornis,Four Horned Antelope,Bovidae,Mammals
Mus booduga,Common Indian Field Mouse,Muridae,Mammals
Mus saxicola,Brown Spiny Mouse,Muridae,Mammals
Rattus nitidus,Himalayan Field Rat,Muridae,Mammals
Prionailurus viverrinus,Fishing Cat,Felidae,Mammals
Rucervus duvaucelii,Swamp Deer,Cervidae,Mammals
Rusa unicolor,Sambar Deer,Cervidae,Mammals
Herpestes edwardsii,Indian Gray Mongoose,Herpestidae,Mammals
Alticola roylei,Royle's Mountain Vole,Cricetidae,Mammals
Tupaia belangeri,Northern Treeshrew,Tupaiidae,Mammals
Kerivoula picta,Painted Bat,Vespertilionidae,Mammals
Ursus thibetanus,Asian Black Bear,Ursidae,Mammals
Moschus leucogaster,Himalayan Muskdeer,Moschidae,Mammals
Belomys pearsonii,Hairy Footed Flying Squirrel,Sciuridae,Mammals
Coelops frithii,Tail-Less Leaf-Nosed Bat,Hipposideridae,Mammals
Lutra lutra,European Otter,Mustelidae,Mammals
Scotozous dormeri,Dormer's Bat,Vespertilionidae,Mammals
Hipposideros lankadiva,Indian Roundleaf Bat,Hipposideridae,Mammals
Megaderma lyra,Greater False Vampire Bat,Megadermatidae,Mammals
Suncus etruscus,Etruscan Shrew,Soricidae,Mammals
Philetor brachypterus,Rohu's Bat,Vespertilionidae,Mammals
Eonycteris spelaea,Dawn Bat,Pteropodidae,Mammals
Murina aurata,Little Tube Nosed Bat,Vespertilionidae,Mammals
Bandicota indica,Greater Bandicoot Rat,Muridae,Mammals
Ursus arctos,Grizzly Bear,Ursidae,Mammals
Prionodon pardicolor,Spotted Linsang,Viverridae,Mammals
Ochotona thibetana,Moupin Pika,Ochotonidae,Mammals
Hesperoptenus tickelli,Tickell's Bat,Vespertilionidae,Mammals
Scotophilus kuhlii,Lesser Asiatic Yellow Bat,Vespertilionidae,Mammals
Callosciurus pygerythrus,Irrawaddy Squirrel,Sciuridae,Mammals
Rousettus leschenaultii,Leschenault's Rousette,Pteropodidae,Mammals
Moschus chrysogaster,Alpine Musk Deer,Moschidae,Mammals
Taphozous longimanus,Longed-Winged Tomb Bat,Emballonuridae,Mammals
Hyaena hyaena,Striped Hyaena,Hyaenidae,Mammals
Bos gaurus,Indian Bison,Bovidae,Mammals
Scotomanes ornatus,Harlequin Bat,Vespertilionidae,Mammals
Funambulus pennantii,Northern Palm Squirrel,Sciuridae,Mammals
Alticola stoliczkanus,Stoliczka's Mountain Vole,Cricetidae,Mammals
Apodemus gurkha,Himalayan Wood Mouse,Muridae,Mammals
Vandeleuria oleracea,Indomalayan Vandeleuria,Muridae,Mammals
Crocidura attenuata,Asian Gray Shrew,Soricidae,Mammals
Hemitragus jemlahicus,Himalayan Tahr,Bovidae,Mammals
Scotoecus pallidus,Desert Yellow Bat,Vespertilionidae,Mammals
Episoriculus caudatus,Hodgson's Brown-Toothed Shrew,Soricidae,Mammals
Rattus tanezumi,Oriental House Rat,Muridae,Mammals
Hystrix brachyura,Malayan Porcupine,Hystricidae,Mammals
Axis axis,Chital,Cervidae,Mammals
Apodemus pallipes,Himalayan Field Mouse,Muridae,Mammals
Panthera pardus,Leopard,Felidae,Mammals
Mus terricolor,Earth Colored Mouse,Muridae,Mammals
Rhinolophus lepidus,Blyth's Horseshoe Bat,Rhinolophidae,Mammals
Myotis longipes,Kashmir Cave Bat,Vespertilionidae,Mammals
Axis porcinus,Hog Deer,Cervidae,Mammals
Rhinolophus pusillus,Least Horseshoe Bat,Rhinolophidae,Mammals
Euroscaptor micrura,Himalayan Mole,Talpidae,Mammals
Paradoxurus hermaphroditus,Asian Palm Civet,Viverridae,Mammals
Pipistrellus coromandra,Indian Pipistrelle,Vespertilionidae,Mammals
Crocidura horsfieldii,Horsefield's Shrew,Soricidae,Mammals
Niviventer fulvescens,Indomalayan Niviventer,Muridae,Mammals
Myotis annectans,Hairy Faced Bat,Vespertilionidae,Mammals
Ochotona nubrica,Nubra Pika,Ochotonidae,Mammals
Hipposideros fulvus,Fulvus Roundleaf Bat,Hipposideridae,Mammals
Macaca assamensis,Assam Macaque,Cercopithecidae,Mammals
Sorex bedfordiae,Lesser Stripe-Backed Shrew,Soricidae,Mammals
Myotis sicarius,Mandelli's Mouse-Eared Myotis,Vespertilionidae,Mammals
Viverra zibetha,Large Indian Civet,Viverridae,Mammals
Hipposideros armiger,Great Roundleaf Bat,Hipposideridae,Mammals
Petaurista magnificus,Hodgson's Giant Flying Squirrel,Sciuridae,Mammals
Diomys crumpi,Crump's Mouse,Muridae,Mammals
Nectogale elegans,Elegant Water Shrew,Soricidae,Mammals
Chimarrogale himalayica,Himalayan Water Shrew,Soricidae,Mammals
Sphaerias blanfordi,Blandford's Fruit Bat,Pteropodidae,Mammals
Macroglossus sobrinus,Greater Nectar Bat,Pteropodidae,Mammals
Pipistrellus cadornae,Cadorna's Pipistrelle,Vespertilionidae,Mammals
Hipposideros pomona,Pomona Roundleaf Bat,Hipposideridae,Mammals
Mus pahari,Gairdner's Shrewmouse,Muridae,Mammals
Herpestes urva,Crab Eating Mongoose,Herpestidae,Mammals
Rattus rattus,Black Rat,Muridae,Mammals
Petaurista nobilis,Bhutan Giant Flying Squirrel,Sciuridae,Mammals
Mustela strigidorsa,Back Striped Weasel,Mustelidae,Mammals
Scotophilus heathii,Greater Asiatic Yellow House Bat,Vespertilionidae,Mammals
Tadarida teniotis,European Free-Tailed Bat,Molossidae,Mammals
Muntiacus gongshanensis,Gongshan Muntjac,Cervidae,Mammals
Panthera uncia,Snow Leopard,Felidae,Mammals
Rhinolophus subbadius,Little Nepalese Horseshoe Bat,Rhinolophidae,Mammals
Tatera indica,Indian Gerbil,Muridae,Mammals
Hipposideros cineraceus,Ashy Roundleaf Bat,Hipposideridae,Mammals
Martes foina,Stone Marten,Mustelidae,Mammals
Nyctalus montanus,Mountain Noctule,Vespertilionidae,Mammals
Murina huttoni,Hutton's Tube Nosed Bat,Vespertilionidae,Mammals
Moschiola indica,Indian Chevrotain,Tragulidae,Mammals
Panthera tigris,Tiger,Felidae,Mammals
Neofelis nebulosa,Clouded Leopard,Felidae,Mammals
Viverricula indica,Small Indian Civet,Viverridae,Mammals
Mus cervicolor,Fawn-Colored Mouse,Muridae,Mammals
Elephas maximus,Asian Elephant,Elephantidae,Mammals
Herpestes auropunctatus,Small Indian Mongoose,Herpestidae,Mammals
Sus scrofa,Wild Boar,Suidae,Mammals
Soriculus nigrescens,Himalayan Shrew,Soricidae,Mammals
Pteropus giganteus,Indian Flying Fox,Pteropodidae,Mammals
Rhinolophus ferrumequinum,Greater Horseshoe Bat,Rhinolophidae,Mammals
Falsistrellus affinis,Chocolate Pipistrelle,Vespertilionidae,Mammals
Anourosorex schmidi,Giant Mole Shrew,Soricidae,Mammals
Millardia meltada,Soft-Furred Metad,Muridae,Mammals
Myotis blythii,Lesser Mouse-Eared Bat,Vespertilionidae,Mammals
Eptesicus tatei,Sombre Bat,Vespertilionidae,Mammals
Callosciurus erythraeus,Pallas's Squirrel,Sciuridae,Mammals
Nyctalus leisleri,Leisler's Bat,Vespertilionidae,Mammals
Naemorhedus goral,Himalayan Goral,Bovidae,Mammals
Eptesicus dimissus,Surat Serotine,Vespertilionidae,Mammals
Cricetulus tibetanus,Tibetan Dwarf Hamster,Cricetidae,Mammals
Cynopterus sphinx,Greater Shortnosed Fruit Bat,Pteropodidae,Mammals
Pipistrellus javanicus,Javan Pipistrelle,Vespertilionidae,Mammals
Rhinolophus trifoliatus,Trefoil Horseshoe Bat,Rhinolophidae,Mammals
Myotis nipalensis,Nepal Myotis,Vespertilionidae,Mammals
Muntiacus vaginalis,Northern Red Muntjac,Cervidae,Mammals
Barbastella leucomelas,Asian Barbastelle,Vespertilionidae,Mammals
Pseudois nayaur,Bharal,Bovidae,Mammals
Bandicota bengalensis,Lesser Bandicoot Rat,Muridae,Mammals
Rhinoceros unicornis,Indian Rhinoceros,Rhinocerotidae,Mammals
Marmota himalayana,Himalayan Marmot,Sciuridae,Mammals
Prionailurus rubiginosus,Rusty Spotted Cat,Felidae,Mammals
Mus cookii,Cook's Mouse,Muridae,Mammals
Murina cyclotis,Round Eared Tube Nosed Bat,Vespertilionidae,Mammals
Moschus fuscus,Black Musk Deer,Moschidae,Mammals
Rhinolophus luctus,Great Woolly Horsehoe Bat,Rhinolophidae,Mammals
Martes flavigula,Yellow Throated Marten,Mustelidae,Mammals
Manis crassicaudata,Indian Pangolin,Manidae,Mammals
Lepus oiostolus,Woolly Hare,Leporidae,Mammals
Sorex excelsus,Highland Shrew,Soricidae,Mammals
Cricetulus alticola,Tibetan Dwarf Hamster,Cricetidae,Mammals
Manis pentadactyla,Chinese Pangolin,Manidae,Mammals
Prionailurus bengalensis,Leopard Cat,Felidae,Mammals
Golunda ellioti,Indian Bush Rat,Muridae,Mammals
Rattus andamanensis,Indochinese Forest Rat,Muridae,Mammals
Myotis formosus,Hodgson's Bat,Vespertilionidae,Mammals
Caprolagus hispidus,Hispid Hare,Leporidae,Mammals
Myotis csorbai,Csorba's Mouse Eared Myotis,Vespertilionidae,Mammals
Ochotona roylei,Royle's Pika,Ochotonidae,Mammals
Nesokia indica,Short Tailed Bandicoot Rat,Muridae,Mammals
Canis lupus,Wolf,Canidae,Mammals
Ia io,Great Evening Bat,Vespertilionidae,Mammals
Equus kiang,Kiang,Equidae,Mammals
Arielulus circumdatus,Black Gilded Pipistrelle,Vespertilionidae,Mammals
Rhinolophus pearsonii,Pearson's Horseshoe Bat,Rhinolophidae,Mammals
Boselaphus tragocamelus,Nilgai,Bovidae,Mammals
Aonyx cinereus,null,Mustelidae,Mammals
Eptesicus serotinus,Serotine,Vespertilionidae,Mammals
Lynx lynx,Lynx,Felidae,Mammals
Petaurista petaurista,Red Giant Flying Squirrel,Sciuridae,Mammals
Hystrix indica,Indian Crested Porcupine,Hystricidae,Mammals
Cuon alpinus,Red Dog,Canidae,Mammals
Arctonyx albogularis,null,Mustelidae,Mammals
Sorex minutus,Pygmy Shrew,Soricidae,Mammals
Enhydris sieboldii,Siebold's Smooth Water Snake,Homalopsidae,Reptiles
Pseudoxenodon macrops,Big-Eyed Bamboo Snake,Colubridae,Reptiles
Oligodon juglandifer,Walnut Kukri Snake,Colubridae,Reptiles
Ahaetulla fronticincta,Burmese Vine Snake,Colubridae,Reptiles
Crocodylus palustris,Mugger Crocodile,Crocodylidae,Reptiles
Japalura tricarinata,Tricarinate Forest Agama,Agamidae,Reptiles
Typhlops diardii,Diard's Blindsnake,Typhlopidae,Reptiles
Psammophis condanarus,Sand Snake,Lamprophiidae,Reptiles
Japalura variegata,Variegated Mountain Lizard,Agamidae,Reptiles
Rhabdophis subminiatus,Red-Necked Keelback,Colubridae,Reptiles
Liopeltis rappi,Himalayan Stripe-Necked Snake,Colubridae,Reptiles
Python bivittatus,Burmese Python,Pythonidae,Reptiles
Atretium schistosum,Olive Keelback Wart Snake,Colubridae,Reptiles
Enhydris enhydris,Smooth Water Snake,Homalopsidae,Reptiles
Rhadinophis prasina,null,Colubridae,Reptiles
Boiga trigonata,Indian Gamma Snake,Colubridae,Reptiles
Trachischium guentheri,Rosebelly Worm-Eating Snake,Colubridae,Reptiles
Dendrelaphis cyanochloris,Wall's Bronzeback,Colubridae,Reptiles
Typhlops meszoelyi,Meszoely’S Blind Snake,Typhlopidae,Reptiles
Homalopsis buccata,Puff-Faced Water Snake,Homalopsidae,Reptiles
Cryptelytrops erythrurus,Redtail (Bamboo) Pit Viper,Viperidae,Reptiles
Elachistodon westermanni,Indian Egg-Eating Snake,Colubridae,Reptiles
Gavialis gangeticus,Gharial,Gavialidae,Reptiles
Japalura dasi,Agaupani Forest Agama,Agamidae,Reptiles
Protobothrops jerdonii,Jerdon’S Pitviper,Viperidae,Reptiles
Lycodon jara,Twin-Spotted Wolf Snake,Colubridae,Reptiles
Gerrhopilus oligolepis,Few-Scaled Worm Snake,Gerrhopilidae,Reptiles
Oligodon taeniolatus,Streaked Kukuri Snake,Colubridae,Reptiles
Ovophis monticola,Chinese Mountain Pit Viper,Viperidae,Reptiles
Varanus bengalensis,Bengal Monitor,Varanidae,Reptiles
Draco maculatus,Spotted Flying Dragon,Agamidae,Reptiles
Ophiophagus hannah,King Cobra,Elapidae,Reptiles
Phrynocephalus theobaldi,Theobald's Toad-Headed Agama,Agamidae,Reptiles
Amphiesma sieboldii,Sikkim Keelback,Colubridae,Reptiles
Eutropis carinata,Common Skink,Scincidae,Reptiles
Sibynophis collaris,Common Many-Tooth Snake,Colubridae,Reptiles
Boiga multifasciata,Many-Banded Tree Snake,Colubridae,Reptiles
Protobothrops mucrosquamatus,Brown Spotted Pitviper,Viperidae,Reptiles
Bungarus fasciatus,Banded Krait,Elapidae,Reptiles
Liopeltis stolickzae,null,Colubridae,Reptiles
Sitana ponticeriana,Fan Throated Lizard,Agamidae,Reptiles
Cyrtodactylus gubernatoris,Sikkimese Bent-Toed Gecko,Gekkonidae,Reptiles
Boiga forsteni,Forsten's Cat Snake,Colubridae,Reptiles
Himalayophis tibetanus,Tibetan Pit Viper,Viperidae,Reptiles
Nilssonia hurum,Indian Peacock Soft-Shelled Turtle,Trionychidae,Turtles (non-marine)
Hardella thurjii,Brahminy River Turtle,Geoemydidae,Turtles (non-marine)
Cyclemys dentata,Asian Leaf Turtle,Geoemydidae,Turtles (non-marine)
Melanochelys trijuga,Indian Pond Terrapin,Geoemydidae,Turtles (non-marine)
Pangshura tentoria,Indian Tent Turtle,Geoemydidae,Turtles (non-marine)
Pangshura tecta,Indian Roofed Turtle,Geoemydidae,Turtles (non-marine)
Melanochelys tricarinata,Tricarinate Hill Turtle,Geoemydidae,Turtles (non-marine)
Cyclemys oldhamii,Southeast Asian Leaf Turtle,Geoemydidae,Turtles (non-marine)
Lissemys punctata,Indian Flap-Shelled Turtle,Trionychidae,Turtles (non-marine)
Pangshura smithii,Brown Roofed Turtle,Geoemydidae,Turtles (non-marine)
Batagur kachuga,Red-Crowned Roofed Turtle,Geoemydidae,Turtles (non-marine)
Batagur dhongoka,Dhond Roofed Turtle,Geoemydidae,Turtles (non-marine)
Nilssonia gangetica,Ganges Soft-Shelled Turtle,Trionychidae,Turtles (non-marine)
Chitra indica,Narrow-Headed Soft-Shelled Turtle,Trionychidae,Turtles (non-marine)
Indotestudo elongata,Elongated Tortoise,Testudinidae,Turtles (non-marine)
Hylarana chitwanensis,Chitwan Frog,Ranidae,Amphibians
Sphaerotheca swani,Indian Burrowing Frog,Dicroglossidae,Amphibians
Polypedates leucomystax,Java Whipping Frog,Rhacophoridae,Amphibians
Amolops nepalicus,Marbled Sucker Frog,Ranidae,Amphibians
Ombrana sikimensis,Sikkim Asian Frog,Dicroglossidae,Amphibians
Scutiger nyingchiensis,Nyingchi Lazy Toad,Megophryidae,Amphibians
Nanorana rarica,Rara Paa Frog,Dicroglossidae,Amphibians
Amolops formosus,Assam Sucker Frog,Ranidae,Amphibians
Zakerana syhadrensis,null,Dicroglossidae,Amphibians
Amolops jaunsari,Jaunsar Stream Frog,Ranidae,Amphibians
Odorrana chloronota,Chloronate Huia Frog,Ranidae,Amphibians
Nanorana blanfordii,Blanford's Paa Frog,Dicroglossidae,Amphibians
Nanorana rostandi,Dubois' Paa Frog,Dicroglossidae,Amphibians
Rhacophorus tuberculatus,Warty Flying Frog,Rhacophoridae,Amphibians
Ichthyophis sikkimensis,Darjeeling Caecilian,Ichthyophiidae,Amphibians
Sphaerotheca breviceps,Indian Burrowing Frog,Dicroglossidae,Amphibians
Sphaerotheca maskeyi,Indian Burrowing Frog,Dicroglossidae,Amphibians
Rhacophorus maximus,Nepal Flying Frog,Rhacophoridae,Amphibians
Occidozyga lima,Lurid Houlema,Dicroglossidae,Amphibians
Uperodon systoma,Indistinct Frog,Microhylidae,Amphibians
Clinotarsus alticola,Assam Hills Frog,Ranidae,Amphibians
Megophrys parva,Burmese Spadefoot Toad,Megophryidae,Amphibians
Duttaphrynus melanostictus,Doubtful Toad,Bufonidae,Amphibians
Zakerana teraiensis,null,Dicroglossidae,Amphibians
Nanorana annandalii,Annandale's Paa Frog,Dicroglossidae,Amphibians
Nanorana polunini,Langtang Paa Frog,Dicroglossidae,Amphibians
Megophrys zhangi,Zhang's Horned Toad,Megophryidae,Amphibians
Polypedates maculatus,Himalayan Tree Frog,Rhacophoridae,Amphibians
Hylarana tytleri,Theobald's Ranid Frog,Ranidae,Amphibians
Nanorana parkeri,High Himalaya Frog,Dicroglossidae,Amphibians
Megophrys robusta,Bengal Spadefoot Toad,Megophryidae,Amphibians
Amolops gerbillus,Yembung Sucker Frog,Ranidae,Amphibians
Polypedates taeniatus,Bengal Whipping Frog,Rhacophoridae,Amphibians
Hoplobatrachus crassus,Carnatic Peters Frog,Dicroglossidae,Amphibians
Duttaphrynus himalayanus,Himalaya Toad,Bufonidae,Amphibians
Scutiger nepalensis,Nepal Lazy Toad,Megophryidae,Amphibians
Nanorana ercepeae,Torrent Paa Frog,Dicroglossidae,Amphibians
Tylototriton verrucosus,Crocodile Newt,Salamandridae,Amphibians
Microhyla ornata,Ant Frog,Microhylidae,Amphibians
Polypedates zed,Narayanghat Whipping Frog,Rhacophoridae,Amphibians
Zakerana nepalensis,null,Dicroglossidae,Amphibians
Zakerana pierrei,null,Dicroglossidae,Amphibians
Scutiger sikimmensis,Sikkim Lazy Toad,Megophryidae,Amphibians
Amolops marmoratus,Afghan Frog,Ranidae,Amphibians
Philautus jerdonii,Jerdon's Bubble-Nest Frog,Rhacophoridae,Amphibians
Theloderma asperum,Hill Garden Bug-Eyed Frog,Rhacophoridae,Amphibians
Euphlyctis hexadactylus,Indian Five-Fingered Frog,Dicroglossidae,Amphibians
Euphlyctis cyanophlyctis,Studded Frog,Dicroglossidae,Amphibians
Humerana humeralis,Bhamo Frog,Ranidae,Amphibians
Scutiger boulengeri,Boulenger's Lazy Toad,Megophryidae,Amphibians
Chiromantis dudhwaensis,Dudhwa Tree Frog,Rhacophoridae,Amphibians
Nanorana minica,Nepal Paa Frog,Dicroglossidae,Amphibians
Nanorana liebigii,Sikkim Paa Frog,Dicroglossidae,Amphibians
Odorrana mawphlangensis,Mawphlang Wart Frog,Ranidae,Amphibians
Amolops monticola,Mountain Sucker Frog,Ranidae,Amphibians
Fejervarya limnocharis,Indian Cricket Frog,Dicroglossidae,Amphibians
Duttaphrynus stomaticus,Indus Toad,Bufonidae,Amphibians
Hoplobatrachus tigerinus,Turkey Frog,Dicroglossidae,Amphibians
Charaxes kahruba,null,Nymphalidae,Butterflies
Lethe siderea,null,Nymphalidae,Butterflies
Neptis manasa,null,Nymphalidae,Butterflies
Seseria dohertyi,null,Hesperiidae,Butterflies
Celaenorrhinus ratna,null,Hesperiidae,Butterflies
Pontia daplidice,Bath White,Pieridae,Butterflies
Athyma jina,null,Nymphalidae,Butterflies
Athyma opalina,null,Nymphalidae,Butterflies
Chrysozephyrus vittatus,null,Lycaenidae,Butterflies
Tongeia potanini,null,Lycaenidae,Butterflies
Herona marathus,null,Nymphalidae,Butterflies
Colias fieldii,null,Pieridae,Butterflies
Chrysozephyrus zoa,null,Lycaenidae,Butterflies
Neptis sankara,null,Nymphalidae,Butterflies
Astictopterus jama,null,Hesperiidae,Butterflies
Anthocharis cardamines,Orange-Tip,Pieridae,Butterflies
Bibasis vasutana,null,Hesperiidae,Butterflies
Athyma orientalis,null,Nymphalidae,Butterflies
Athyma zeroca,null,Nymphalidae,Butterflies
Elymnias patna,null,Nymphalidae,Butterflies
Sephisa chandra,null,Nymphalidae,Butterflies
Athyma ranga,null,Nymphalidae,Butterflies
Teinopalpus imperialis,null,Papilionidae,Butterflies
Neozephyrus suroia,null,Lycaenidae,Butterflies
Hestinalis nama,null,Nymphalidae,Butterflies
Neptis armandia,null,Nymphalidae,Butterflies
Clanis phalaris,null,Sphingidae,Sphingid moths
Eupanacra perfecta,null,Sphingidae,Sphingid moths
Hippotion velox,null,Sphingidae,Sphingid moths
Rhagastis acuta,null,Sphingidae,Sphingid moths
Macroglossum corythus,null,Sphingidae,Sphingid moths
Hyles stroehlei,null,Sphingidae,Sphingid moths
Theretra pallicosta,null,Sphingidae,Sphingid moths
Ambulyx liturata,null,Sphingidae,Sphingid moths
Macroglossum passalus,null,Sphingidae,Sphingid moths
Amplypterus mansoni,null,Sphingidae,Sphingid moths
Macroglossum obscura,null,Sphingidae,Sphingid moths
Pentateucha curiosa,null,Sphingidae,Sphingid moths
Ambulyx moorei,null,Sphingidae,Sphingid moths
Smerinthus kindermannii,null,Sphingidae,Sphingid moths
Theretra latreillii,Pale Brown Hawk Moth,Sphingidae,Sphingid moths
Macroglossum belis,null,Sphingidae,Sphingid moths
Macroglossum bombylans,null,Sphingidae,Sphingid moths
Meganoton analis,null,Sphingidae,Sphingid moths
Psilogramma discistriga,null,Sphingidae,Sphingid moths
Hyles hippophaes,Seathorn Hawk-Moth,Sphingidae,Sphingid moths
Cechenena mirabilis,null,Sphingidae,Sphingid moths
Dahira rubiginosa,null,Sphingidae,Sphingid moths
Dahira tridens,null,Sphingidae,Sphingid moths
Leucophlebia emittens,null,Sphingidae,Sphingid moths
Marumba cristata,null,Sphingidae,Sphingid moths
Theretra lycetus,null,Sphingidae,Sphingid moths
Acosmerycoides harterti,null,Sphingidae,Sphingid moths
Pseudodolbina aequalis,null,Sphingidae,Sphingid moths
Rhagastis confusa,null,Sphingidae,Sphingid moths
Rhagastis olivacea,null,Sphingidae,Sphingid moths
Cephonodes picus,null,Sphingidae,Sphingid moths
Dahira yunnanfuana,null,Sphingidae,Sphingid moths
Macroglossum fritzei,null,Sphingidae,Sphingid moths
Psilogramma increta,null,Sphingidae,Sphingid moths
Eupanacra mydon,null,Sphingidae,Sphingid moths
Rhagastis velata,null,Sphingidae,Sphingid moths
Morwennius decoratus,null,Sphingidae,Sphingid moths
Agrius convolvuli,Convolvulus Hawk,Sphingidae,Sphingid moths
Cypa enodis,null,Sphingidae,Sphingid moths
Ampelophaga thomasi,null,Sphingidae,Sphingid moths
Macroglossum hemichroma,null,Sphingidae,Sphingid moths
Leucophlebia lineata,null,Sphingidae,Sphingid moths
Ambulyx sericeipennis,null,Sphingidae,Sphingid moths
Pseudodolbina fo,null,Sphingidae,Sphingid moths
Callambulyx poecilus,null,Sphingidae,Sphingid moths
Theretra tibetiana,null,Sphingidae,Sphingid moths
Cechenena helops,null,Sphingidae,Sphingid moths
Ambulyx substrigilis,null,Sphingidae,Sphingid moths
Macroglossum pyrrhosticta,Hummingbird Hawk Moth,Sphingidae,Sphingid moths
Hippotion echeclus,null,Sphingidae,Sphingid moths
Meganoton nyctiphanes,null,Sphingidae,Sphingid moths
Nephele hespera,null,Sphingidae,Sphingid moths
Clanis titan,null,Sphingidae,Sphingid moths
Anambulyx elwesi,null,Sphingidae,Sphingid moths
Theretra sumatrensis,null,Sphingidae,Sphingid moths
Enpinanga assamensis,null,Sphingidae,Sphingid moths
Thamnoecha uniformis,null,Sphingidae,Sphingid moths
Rhagastis gloriosa,null,Sphingidae,Sphingid moths
Hemaris fuciformis,Broad-Bordered Bee Hawkmoth,Sphingidae,Sphingid moths
Macroglossum sitiene,null,Sphingidae,Sphingid moths
Ambulyx ochracea,null,Sphingidae,Sphingid moths
Eupanacra variolosa,null,Sphingidae,Sphingid moths
Pergesa acteus,null,Sphingidae,Sphingid moths
Acherontia styx,Death's-Head Hawk Moth,Sphingidae,Sphingid moths
Hyles gallii,Galium Sphinx,Sphingidae,Sphingid moths
Hemaris saundersii,null,Sphingidae,Sphingid moths
Sataspes scotti,null,Sphingidae,Sphingid moths
Macroglossum saga,null,Sphingidae,Sphingid moths
Rhagastis albomarginatus,null,Sphingidae,Sphingid moths
Cypa decolor,null,Sphingidae,Sphingid moths
Deilephila rivularis,null,Sphingidae,Sphingid moths
Macroglossum variegatum,null,Sphingidae,Sphingid moths
Theretra boisduvalii,null,Sphingidae,Sphingid moths
Acosmeryx naga,null,Sphingidae,Sphingid moths
Rhodambulyx schnitzleri,null,Sphingidae,Sphingid moths
Cypa uniformis,null,Sphingidae,Sphingid moths
Acosmeryx pseudonaga,null,Sphingidae,Sphingid moths
Cypoides parachinensis,null,Sphingidae,Sphingid moths
Marumba spectabilis,null,Sphingidae,Sphingid moths
Acosmeryx omissa,null,Sphingidae,Sphingid moths
Theretra castanea,null,Sphingidae,Sphingid moths
Neogurelca hyas,null,Sphingidae,Sphingid moths
Eupanacra malayana,null,Sphingidae,Sphingid moths
Cechenena lineosa,null,Sphingidae,Sphingid moths
Ambulyx tobii,null,Sphingidae,Sphingid moths
Acherontia lachesis,Death's-Head Hawkmoth,Sphingidae,Sphingid moths
Macroglossum gyrans,null,Sphingidae,Sphingid moths
Sataspes infernalis,null,Sphingidae,Sphingid moths
Callambulyx junonia,null,Sphingidae,Sphingid moths
Langia zenzeroides,null,Sphingidae,Sphingid moths
Eupanacra metallica,null,Sphingidae,Sphingid moths
Sphinx ligustri,Privet Hawk Moth,Sphingidae,Sphingid moths
Sataspes tagalica,null,Sphingidae,Sphingid moths
Rhodoprasina callantha,null,Sphingidae,Sphingid moths
Daphnis nerii,Oleander Hawkmoth,Sphingidae,Sphingid moths
Theretra clotho,null,Sphingidae,Sphingid moths
Theretra nessus,Yam Hawk Moth,Sphingidae,Sphingid moths
Clanis schwartzi,null,Sphingidae,Sphingid moths
Eurypteryx bhaga,null,Sphingidae,Sphingid moths
Neogurelca himachala,null,Sphingidae,Sphingid moths
Ambulyx placida,null,Sphingidae,Sphingid moths
Macroglossum troglodytus,null,Sphingidae,Sphingid moths
Neogurelca masuriensis,null,Sphingidae,Sphingid moths
Theretra alecto,null,Sphingidae,Sphingid moths
Macroglossum stellatarum,Hummingbird Hawk-Moth,Sphingidae,Sphingid moths
Cephonodes hylas,null,Sphingidae,Sphingid moths
Hippotion rafflesii,null,Sphingidae,Sphingid moths
Rhodoprasina floralis,null,Sphingidae,Sphingid moths
Sphingonaepiopsis pumilio,null,Sphingidae,Sphingid moths
Rhagastis lunata,null,Sphingidae,Sphingid moths
Daphnis hypothous,null,Sphingidae,Sphingid moths
Ambulyx maculifera,null,Sphingidae,Sphingid moths
Craspedortha porphyria,null,Sphingidae,Sphingid moths
Clanis undulosa,null,Sphingidae,Sphingid moths
Hippotion celerio,Silver-Striped Hawk-Moth,Sphingidae,Sphingid moths
Sataspes xylocoparis,null,Sphingidae,Sphingid moths
Sphinx centrosinaria,null,Sphingidae,Sphingid moths
Rhagastis castor,null,Sphingidae,Sphingid moths
Hyles livornica,Striped Hawk-Moth,Sphingidae,Sphingid moths
Eupanacra automedon,null,Sphingidae,Sphingid moths
Cechenena scotti,null,Sphingidae,Sphingid moths
Polyptychus dentatus,null,Sphingidae,Sphingid moths
Megacorma obliqua,null,Sphingidae,Sphingid moths
Theretra suffusa,null,Sphingidae,Sphingid moths
Polyptychus trilineatus,null,Sphingidae,Sphingid moths
Theretra gnoma,null,Sphingidae,Sphingid moths
Eupanacra busiris,null,Sphingidae,Sphingid moths
Ampelophaga dolichoides,null,Sphingidae,Sphingid moths
Marumba sperchius,null,Sphingidae,Sphingid moths
Dolbina inexacta,null,Sphingidae,Sphingid moths
Cizara sculpta,null,Sphingidae,Sphingid moths
Theretra griseomarginata,null,Sphingidae,Sphingid moths
Amplypterus panopus,null,Sphingidae,Sphingid moths
Apocalypsis velox,null,Sphingidae,Sphingid moths
Elibia dolichus,null,Sphingidae,Sphingid moths
Ambulyx lahora,null,Sphingidae,Sphingid moths
Acosmeryx anceus,null,Sphingidae,Sphingid moths
Phyllosphingia dissimilis,null,Sphingidae,Sphingid moths
Parum colligata,null,Sphingidae,Sphingid moths
Dahira obliquifascia,null,Sphingidae,Sphingid moths
Meganoton rubescens,null,Sphingidae,Sphingid moths
Hemaris beresowskii,null,Sphingidae,Sphingid moths
Deilephila elpenor,Elephant Hawk-Moth,Sphingidae,Sphingid moths
Hayesiana triopus,null,Sphingidae,Sphingid moths
Macroglossum nycteris,null,Sphingidae,Sphingid moths
Macroglossum affictitia,null,Sphingidae,Sphingid moths
Theretra silhetensis,Brown-Banded Hunter Hawkmoth,Sphingidae,Sphingid moths
Macroglossum vacillans,null,Sphingidae,Sphingid moths
Macroglossum vicinum,null,Sphingidae,Sphingid moths
Clanis deucalion,null,Sphingidae,Sphingid moths
Angonyx testacea,null,Sphingidae,Sphingid moths
Macroglossum mitchellii,null,Sphingidae,Sphingid moths
Clanidopsis exusta,null,Sphingidae,Sphingid moths
Smerinthulus perversa,null,Sphingidae,Sphingid moths
Macroglossum aquila,null,Sphingidae,Sphingid moths
Macroglossum neotroglodytus,null,Sphingidae,Sphingid moths
Ambulyx interplacida,null,Sphingidae,Sphingid moths
Theretra oldenlandiae,Impatiens Hawk Moth Larva,Sphingidae,Sphingid moths
Hippotion rosetta,Vine Hawk Moth,Sphingidae,Sphingid moths
Agnosia orneus,null,Sphingidae,Sphingid moths
Acosmeryx sericeus,null,Sphingidae,Sphingid moths
Clanis bilineata,null,Sphingidae,Sphingid moths
Ampelophaga rubiginosa,null,Sphingidae,Sphingid moths
Marumba gaschkewitschii,null,Sphingidae,Sphingid moths
Eupanacra sinuata,null,Sphingidae,Sphingid moths
Acosmeryx shervillii,null,Sphingidae,Sphingid moths
Callambulyx rubricosa,null,Sphingidae,Sphingid moths
Macroglossum glaucoptera,null,Sphingidae,Sphingid moths
Hippotion boerhaviae,Hippotion Sphinx Moth,Sphingidae,Sphingid moths
Marumba dyras,null,Sphingidae,Sphingid moths
Degmaptera mirabilis,null,Sphingidae,Sphingid moths
Rhodoprasina nenulfascia,null,Sphingidae,Sphingid moths
Cechenena minor,null,Sphingidae,Sphingid moths
Marumba indicus,null,Sphingidae,Sphingid moths
Cupressus cashmeriana,Chinese Arborvitae,Cupressaceae,Conifers
Podocarpus neriifolius,Oleander Podocarp,Podocarpaceae,Conifers
Larix griffithii,Sikkim Larch,Pinaceae,Conifers
Picea smithiana,Morinda Spruce,Pinaceae,Conifers
Abies pindrow,West Himalayan Fir,Pinaceae,Conifers
Cupressus torulosa,Himalayan Cypress,Cupressaceae,Conifers
Juniperus recurva,Himalayan Weeping Juniper,Cupressaceae,Conifers
Juniperus indica,Black Juniper,Cupressaceae,Conifers
Tsuga dumosa,Himalayan Hemlock,Pinaceae,Conifers
Picea spinulosa,Sikkim Spruce,Pinaceae,Conifers
Pinus roxburghii,Roxburgh's Pine,Pinaceae,Conifers
Abies spectabilis,Himalayan Fir,Pinaceae,Conifers
Taxus wallichiana,Himalayan Yew,Taxaceae,Conifers
Abies densa,Sikkim Fir,Pinaceae,Conifers
Taxus contorta,West Himalayan Yew,Taxaceae,Conifers
Juniperus semiglobosa,Russian Juniper,Cupressaceae,Conifers
Pinus wallichiana,Blue Pine,Pinaceae,Conifers
Juniperus communis,Common Juniper,Cupressaceae,Conifers
Larix potaninii,Chinese Larch,Pinaceae,Conifers
Juniperus pingii,Ping's Juniper,Cupressaceae,Conifers
Juniperus tibetica,Tibetan Juniper,Cupressaceae,Conifers
Cedrus deodara,Deodar,Pinaceae,Conifers
Juniperus squamata,Flaky Juniper,Cupressaceae,Conifers
